-- phpMyAdmin SQL Dump
-- version 3.3.9
-- http://www.phpmyadmin.net
--
-- Host: localhost
-- Generation Time: Mar 13, 2015 at 05:26 PM
-- Server version: 5.5.8
-- PHP Version: 5.3.5

SET SQL_MODE="NO_AUTO_VALUE_ON_ZERO";


/*!40101 SET @OLD_CHARACTER_SET_CLIENT=@@CHARACTER_SET_CLIENT */;
/*!40101 SET @OLD_CHARACTER_SET_RESULTS=@@CHARACTER_SET_RESULTS */;
/*!40101 SET @OLD_COLLATION_CONNECTION=@@COLLATION_CONNECTION */;
/*!40101 SET NAMES utf8 */;

--
-- Database: `club`
--
CREATE DATABASE `club` DEFAULT CHARACTER SET latin1 COLLATE latin1_swedish_ci;
USE `club`;

-- --------------------------------------------------------

--
-- Table structure for table `11`
--

CREATE TABLE IF NOT EXISTS `11` (
  `id` int(11) NOT NULL AUTO_INCREMENT,
  `time` datetime DEFAULT NULL,
  `sender` varchar(20) DEFAULT NULL,
  `message` text,
  PRIMARY KEY (`id`)
) ENGINE=InnoDB  DEFAULT CHARSET=latin1 AUTO_INCREMENT=8 ;

--
-- Dumping data for table `11`
--

INSERT INTO `11` (`id`, `time`, `sender`, `message`) VALUES
(1, '2015-01-08 00:00:00', 'as', 'hello how are u??'),
(2, '2015-01-02 00:00:00', 'we', 'ewrwerewr'),
(3, '2015-01-02 00:00:00', 'a', 'a'),
(4, '2015-01-11 01:26:51', '0', 'null'),
(5, '2015-01-11 01:27:29', '0', 'this is test'),
(6, '2015-01-11 01:27:51', '0', 'lol'),
(7, '2015-01-11 01:29:23', '0', 'asd');

-- --------------------------------------------------------

--
-- Table structure for table `12`
--

CREATE TABLE IF NOT EXISTS `12` (
  `id` int(11) NOT NULL AUTO_INCREMENT,
  `time` datetime DEFAULT NULL,
  `sender` varchar(20) DEFAULT NULL,
  `message` text,
  PRIMARY KEY (`id`)
) ENGINE=InnoDB  DEFAULT CHARSET=latin1 AUTO_INCREMENT=11 ;

--
-- Dumping data for table `12`
--

INSERT INTO `12` (`id`, `time`, `sender`, `message`) VALUES
(1, '2015-01-11 01:31:29', '0', 'hi'),
(2, '2015-01-11 01:31:37', '0', 'how r u?'),
(3, '2015-01-11 01:31:49', '0', 'bye'),
(4, '2015-01-11 01:37:30', '0', 'now'),
(5, '2015-01-11 01:37:46', '0', 'no'),
(6, '2015-01-11 01:39:10', '0', 'as'),
(7, '2015-01-25 21:25:39', '0', 'gh'),
(8, '2015-01-25 21:26:03', '0', ''),
(9, '2015-01-26 14:20:39', '0', 'ss'),
(10, '2015-01-26 14:52:09', '0', 'gh');

-- --------------------------------------------------------

--
-- Table structure for table `13`
--

CREATE TABLE IF NOT EXISTS `13` (
  `id` int(11) NOT NULL AUTO_INCREMENT,
  `time` datetime DEFAULT NULL,
  `sender` varchar(20) DEFAULT NULL,
  `message` text,
  PRIMARY KEY (`id`)
) ENGINE=InnoDB  DEFAULT CHARSET=latin1 AUTO_INCREMENT=10 ;

--
-- Dumping data for table `13`
--

INSERT INTO `13` (`id`, `time`, `sender`, `message`) VALUES
(1, '2015-01-12 18:27:18', '0', 'gh'),
(2, '2015-01-25 21:32:16', '0', 'hii'),
(3, '2015-01-25 21:32:27', '0', 'how'),
(4, '2015-01-25 21:32:44', '0', 'how'),
(5, '2015-01-25 21:33:06', '0', 'byee'),
(6, '2015-01-25 21:33:25', '0', 'go'),
(7, '2015-01-25 21:33:29', '0', 'byee'),
(8, '2015-01-25 21:33:44', '0', 'go'),
(9, '2015-01-26 18:30:44', '0', 'byeee');

-- --------------------------------------------------------

--
-- Table structure for table `14`
--

CREATE TABLE IF NOT EXISTS `14` (
  `id` int(11) NOT NULL AUTO_INCREMENT,
  `time` datetime DEFAULT NULL,
  `sender` varchar(20) DEFAULT NULL,
  `message` text,
  PRIMARY KEY (`id`)
) ENGINE=InnoDB  DEFAULT CHARSET=latin1 AUTO_INCREMENT=9 ;

--
-- Dumping data for table `14`
--

INSERT INTO `14` (`id`, `time`, `sender`, `message`) VALUES
(1, '2015-01-25 21:34:29', '0', 'hi'),
(2, '2015-01-25 21:34:35', '0', 'hii'),
(3, '2015-01-25 21:35:26', '0', 'how'),
(4, '2015-01-25 21:35:32', '0', 'bye'),
(5, '2015-01-25 21:35:42', '0', 'good ni8'),
(6, '2015-01-25 21:35:59', '0', 'good morn'),
(7, '2015-01-25 21:36:19', '0', 'noo'),
(8, '2015-01-26 14:53:32', '0', 'jk');

-- --------------------------------------------------------

--
-- Table structure for table `15`
--

CREATE TABLE IF NOT EXISTS `15` (
  `id` int(11) NOT NULL AUTO_INCREMENT,
  `time` datetime DEFAULT NULL,
  `sender` varchar(20) DEFAULT NULL,
  `message` text,
  PRIMARY KEY (`id`)
) ENGINE=InnoDB  DEFAULT CHARSET=latin1 AUTO_INCREMENT=2 ;

--
-- Dumping data for table `15`
--

INSERT INTO `15` (`id`, `time`, `sender`, `message`) VALUES
(1, '2015-01-26 14:53:07', '0', 'hi');

-- --------------------------------------------------------

--
-- Table structure for table `16`
--

CREATE TABLE IF NOT EXISTS `16` (
  `id` int(11) NOT NULL AUTO_INCREMENT,
  `time` datetime DEFAULT NULL,
  `sender` varchar(20) DEFAULT NULL,
  `message` text,
  PRIMARY KEY (`id`)
) ENGINE=InnoDB  DEFAULT CHARSET=latin1 AUTO_INCREMENT=3 ;

--
-- Dumping data for table `16`
--

INSERT INTO `16` (`id`, `time`, `sender`, `message`) VALUES
(1, '2015-01-26 15:34:38', '0', 'hh'),
(2, '2015-01-26 18:27:53', '0', 'gf');

-- --------------------------------------------------------

--
-- Table structure for table `17`
--

CREATE TABLE IF NOT EXISTS `17` (
  `id` int(11) NOT NULL AUTO_INCREMENT,
  `time` datetime DEFAULT NULL,
  `sender` varchar(20) DEFAULT NULL,
  `message` text,
  PRIMARY KEY (`id`)
) ENGINE=InnoDB  DEFAULT CHARSET=latin1 AUTO_INCREMENT=6 ;

--
-- Dumping data for table `17`
--

INSERT INTO `17` (`id`, `time`, `sender`, `message`) VALUES
(1, '2015-01-26 18:29:15', '0', 'hi'),
(2, '2015-01-26 18:32:29', '0', 'gh'),
(3, '2015-01-26 18:32:48', '0', 'noo'),
(4, '2015-02-06 12:09:35', '12bce0246', 'noo'),
(5, '2015-02-07 19:06:49', '12mse0363', '2');

-- --------------------------------------------------------

--
-- Table structure for table `18`
--

CREATE TABLE IF NOT EXISTS `18` (
  `id` int(11) NOT NULL AUTO_INCREMENT,
  `time` datetime DEFAULT NULL,
  `sender` varchar(20) DEFAULT NULL,
  `message` text,
  PRIMARY KEY (`id`)
) ENGINE=InnoDB  DEFAULT CHARSET=latin1 AUTO_INCREMENT=3 ;

--
-- Dumping data for table `18`
--

INSERT INTO `18` (`id`, `time`, `sender`, `message`) VALUES
(1, '2015-02-06 12:09:25', '12bce0246', 'hi'),
(2, '2015-02-06 12:09:28', '12bce0246', 'bye');

-- --------------------------------------------------------

--
-- Table structure for table `19`
--

CREATE TABLE IF NOT EXISTS `19` (
  `id` int(11) NOT NULL AUTO_INCREMENT,
  `time` datetime DEFAULT NULL,
  `sender` varchar(20) DEFAULT NULL,
  `message` text,
  PRIMARY KEY (`id`)
) ENGINE=InnoDB  DEFAULT CHARSET=latin1 AUTO_INCREMENT=6 ;

--
-- Dumping data for table `19`
--

INSERT INTO `19` (`id`, `time`, `sender`, `message`) VALUES
(1, '2015-01-26 18:38:30', '0', 'hi'),
(2, '2015-01-26 18:38:37', '0', 'how are u'),
(3, '2015-01-26 18:39:44', '', 'good'),
(4, '2015-01-26 18:41:25', '12bce0246', 'gh'),
(5, '2015-01-26 18:42:01', '11BME0075', 'bye');

-- --------------------------------------------------------

--
-- Table structure for table `20`
--

CREATE TABLE IF NOT EXISTS `20` (
  `id` int(11) NOT NULL AUTO_INCREMENT,
  `time` datetime DEFAULT NULL,
  `sender` varchar(20) DEFAULT NULL,
  `message` text,
  PRIMARY KEY (`id`)
) ENGINE=InnoDB  DEFAULT CHARSET=latin1 AUTO_INCREMENT=3 ;

--
-- Dumping data for table `20`
--

INSERT INTO `20` (`id`, `time`, `sender`, `message`) VALUES
(1, '2015-01-26 18:45:30', '11BME0075', 'hi'),
(2, '2015-01-26 18:45:41', '11BME0075', 'how are u');

-- --------------------------------------------------------

--
-- Table structure for table `21`
--

CREATE TABLE IF NOT EXISTS `21` (
  `id` int(11) NOT NULL AUTO_INCREMENT,
  `time` datetime DEFAULT NULL,
  `sender` varchar(20) DEFAULT NULL,
  `message` text,
  PRIMARY KEY (`id`)
) ENGINE=InnoDB  DEFAULT CHARSET=latin1 AUTO_INCREMENT=3 ;

--
-- Dumping data for table `21`
--

INSERT INTO `21` (`id`, `time`, `sender`, `message`) VALUES
(1, '2015-02-07 19:32:13', '12bce0246', 'ew'),
(2, '2015-02-07 19:32:15', '12bce0246', 'we');

-- --------------------------------------------------------

--
-- Table structure for table `60_event_attendance`
--

CREATE TABLE IF NOT EXISTS `60_event_attendance` (
  `regno` varchar(10) NOT NULL,
  `event_54` int(11) DEFAULT '0',
  PRIMARY KEY (`regno`)
) ENGINE=InnoDB DEFAULT CHARSET=latin1;

--
-- Dumping data for table `60_event_attendance`
--

INSERT INTO `60_event_attendance` (`regno`, `event_54`) VALUES
('12BCE0159', 1),
('12BCE0416', 0),
('12BCE0455', 0),
('12BCE0519', 1),
('12BCE0548', 0),
('12BIF0045', 1),
('12BIT0106', 1),
('12BIT0108', 1),
('12BIT0170', 0),
('12BIT0224', 0),
('12MSE0143', 0),
('12MSE0363', 0),
('12MSE0364', 0),
('13BAM0009', 1),
('13BAM0032', 0),
('13BCB0062', 0),
('13BCE0037', 0),
('13BCE0081', 0),
('13BCE0186', 0),
('13BCE0188', 0),
('13BCE0258', 0),
('13BCE0267', 0),
('13BCE0313', 0),
('13BCE0346', 0),
('13BCE0347', 0),
('13BCE0395', 0),
('13BCE0459', 0),
('13BCE0557', 0),
('13BCE0619', 1),
('13BCE0662', 0),
('13BCE0692', 0),
('13BCE0740', 0),
('13BEC0031', 0),
('13BEC0145', 0),
('13BEC0490', 0),
('13BEC0635', 0),
('13BEC0774', 0),
('13BIT0009', 0),
('13BIT0168', 0),
('13BIT0222', 0),
('13MCA0001', 0),
('13MCA0024', 0),
('13MCA0049', 0),
('13MCA0175', 0),
('13MSE0350', 0),
('13MSE0393', 0),
('14BCE0184', 0),
('14BCE0488', 0),
('14BCE0492', 0),
('14BCE0497', 0),
('14BCE0506', 0),
('14BCE0512', 0),
('14BCE0523', 0),
('14BCE0529', 0),
('14BCE0553', 0),
('14BCE0607', 0),
('14BCE0635', 0),
('14BCE0784', 1),
('14BCE0833', 0),
('14BCS0002', 0),
('14BEC0449', 1),
('14BEC0850', 0),
('14BIT0139', 0),
('14BIT0226', 1),
('14BIT0237', 1),
('14MCA0020', 1),
('14MCA0146', 1),
('14MCA0164', 0),
('14MCA0174', 0);

-- --------------------------------------------------------

--
-- Table structure for table `60_meeting_attendance`
--

CREATE TABLE IF NOT EXISTS `60_meeting_attendance` (
  `regno` varchar(10) NOT NULL,
  PRIMARY KEY (`regno`)
) ENGINE=InnoDB DEFAULT CHARSET=latin1;

--
-- Dumping data for table `60_meeting_attendance`
--

INSERT INTO `60_meeting_attendance` (`regno`) VALUES
('12BCE0159'),
('12BCE0416'),
('12BCE0455'),
('12BCE0519'),
('12BCE0548'),
('12BIF0045'),
('12BIT0106'),
('12BIT0108'),
('12BIT0170'),
('12BIT0224'),
('12MSE0143'),
('12MSE0363'),
('12MSE0364'),
('13BAM0009'),
('13BAM0032'),
('13BCB0062'),
('13BCE0037'),
('13BCE0081'),
('13BCE0186'),
('13BCE0188'),
('13BCE0258'),
('13BCE0267'),
('13BCE0313'),
('13BCE0346'),
('13BCE0347'),
('13BCE0395'),
('13BCE0459'),
('13BCE0557'),
('13BCE0619'),
('13BCE0662'),
('13BCE0692'),
('13BCE0740'),
('13BEC0031'),
('13BEC0145'),
('13BEC0490'),
('13BEC0635'),
('13BEC0774'),
('13BIT0009'),
('13BIT0168'),
('13BIT0222'),
('13MCA0001'),
('13MCA0024'),
('13MCA0049'),
('13MCA0175'),
('13MSE0350'),
('13MSE0393'),
('14BCE0184'),
('14BCE0488'),
('14BCE0492'),
('14BCE0497'),
('14BCE0506'),
('14BCE0512'),
('14BCE0523'),
('14BCE0529'),
('14BCE0553'),
('14BCE0607'),
('14BCE0635'),
('14BCE0784'),
('14BCE0833'),
('14BCS0002'),
('14BEC0449'),
('14BEC0850'),
('14BIT0139'),
('14BIT0226'),
('14BIT0237'),
('14MCA0020'),
('14MCA0146'),
('14MCA0164'),
('14MCA0174');

-- --------------------------------------------------------

--
-- Table structure for table `60_members`
--

CREATE TABLE IF NOT EXISTS `60_members` (
  `reg_no` varchar(10) NOT NULL,
  `name` varchar(50) NOT NULL,
  `email` varchar(30) NOT NULL,
  `phone` int(10) NOT NULL,
  `dob` date NOT NULL,
  `address` varchar(50) NOT NULL,
  `status` varchar(10) NOT NULL,
  PRIMARY KEY (`reg_no`)
) ENGINE=InnoDB DEFAULT CHARSET=latin1;

--
-- Dumping data for table `60_members`
--


-- --------------------------------------------------------

--
-- Table structure for table `attendance`
--

CREATE TABLE IF NOT EXISTS `attendance` (
  `attend` float NOT NULL,
  `id` varchar(11) NOT NULL
) ENGINE=InnoDB DEFAULT CHARSET=latin1;

--
-- Dumping data for table `attendance`
--

INSERT INTO `attendance` (`attend`, `id`) VALUES
(25, '12bce0455'),
(25, '12bce0371'),
(50, '12BIT0224'),
(50, '13bce003'),
(25, '12bce0221');

-- --------------------------------------------------------

--
-- Table structure for table `club_60_members`
--

CREATE TABLE IF NOT EXISTS `club_60_members` (
  `name` varchar(20) NOT NULL,
  `regno` varchar(10) NOT NULL,
  `email` varchar(25) NOT NULL,
  `mobno` varchar(30) NOT NULL,
  `id` int(11) NOT NULL AUTO_INCREMENT,
  `dob` date NOT NULL,
  `address` varchar(50) CHARACTER SET utf8mb4 COLLATE utf8mb4_unicode_ci NOT NULL,
  `gender` varchar(40) CHARACTER SET utf8mb4 COLLATE utf8mb4_unicode_ci NOT NULL,
  `photo` blob NOT NULL,
  `status` varchar(15) CHARACTER SET utf8mb4 COLLATE utf8mb4_unicode_ci NOT NULL DEFAULT 'active',
  `department` varchar(40) NOT NULL DEFAULT 'Not available',
  PRIMARY KEY (`id`)
) ENGINE=InnoDB  DEFAULT CHARSET=latin1 AUTO_INCREMENT=193 ;

--
-- Dumping data for table `club_60_members`
--

INSERT INTO `club_60_members` (`name`, `regno`, `email`, `mobno`, `id`, `dob`, `address`, `gender`, `photo`, `status`, `department`) VALUES
('Ankit Singh', '12bce0246', 'ram@gmail.co', '9431410544', 7, '2014-10-21', 'delhi', 'Mal', 0x89504e470d0a1a0a0000000d4948445200000073000000730806000000ab433de6000000097048597300000b1300000b1301009a9c180000000467414d410000b18e7cfb5193000000206348524d00007a25000080830000f9ff000080e9000075300000ea6000003a980000176f925fc54600006c014944415478da3c504b4ec5300c1c3b4d25542416ec391e4baec5453809a77824fe304efbeaca49c7b1c71ecbf7d7e78f487e88404575f2740082650daa0259a80e0512971187103220c13266b70dd23a5214c1b0bb21effc44442c2c22cb339fb1c5c29a84f980a783b3a0e946aec430c3df6360d0cd26aa6bdb77d60a6c0463e4607f6d0d7d53ec1bbb71260f72960af66a7c5b16069f86596e0fce0bbc1c6f388e77f4feba6698c32e5da7ce786a28f972ce1991ab7fdd792d45f995969ac7ddf976eaae9f244ee6ceca273ea9e5e63c21f9983787afbd842735f8cd4f49e4e15ec9c1687a44635a276f2df1f75f009ec96089411804a24012c7fe426ffdffdfeba14e347417d043742641b2ec3ebb8b7ed0f91dc5749aeea9a5e9bcd22bb0b8de9f30b59e79520363b8a62e4f91673dcf198eb61cf6099125498a2c989b419e6448fa30ac86be2633dacd3081a6201984f902400df507f2f9850aeb9bb4a1d23786e7a1091cc80573673439a934f430dce51d3a2620f9029c81f38efd1d5058cc1c5a99c8edb6d7485c0c0acb985520c3fd55212745767f044f68ab1ba00fcf007bc1025b380ede400120fa65f103cd03b039b55a5eb42a524d770946fe66e93524b6bf005454db0e82300cad63307932c6ffff45121f8c8651ea39ed98f840026958cf7519694851bde63e3f20127fbdf436fee607aba37161066b1de7aa064beb249bed16c029b027db9b495030b1a271f523db1e8d9ccae4662628a598e98a391ead150bd0ca32ca7c7f482a45645960c6db679a06a92d38231291d95218bb51ad956149d10a334795f380bd8ab3abbcf6274c37b9ce37046272115d34822427e26d2da4917ca72eb8d5b04983d74efee618c5c5b6bfcbcc436d272519168d1d3a04266bd82c35e94e1df21dde9908470f59bb37be023055064b0c8230104d2c56a71efaff3fd9995e5a1031dd6cd07a7218201076f799d078ee6b5d563c848663e8a10b5e0f971dc83c4b0cf21f842bdb45ecde4224bd63cf2fe5e71830bcad5f2905624054a53b1313e6a8765cd5b540cc423c0ebc5b9211281fef93a465c15c96f2be4b067ef75af035d48be44d107d9e915688a633ea6e0ad1dd20b09945e2861b706d3002f67eda0b6254991e4f4948a813ea840c491249dd5bfc1afa43856847635b08e2bd314bbb768229c5b66634335f9084c216afe9ad690d2a73b6d3cb914a3463dce218eeb608ac4519bf4dfe09406419ec300cc230b4d0d1ae93f8ffbfdc61bb50d192394ec80ebd8020288efd0aba60a0bd181d9a66fe87816d4d729074480a9e044b627a50dc19983d42c5f389d194bd0e5ed6bb0979dd26e4fa2870cba644a48b941982ba655f19435711ae2538b67ddf4b5127a3f8512bcf5fca1b8d6bb0b5e1cef3044f21deab6e70a8dea1ce2d1452a357baf0bc45ac32b62fad7dd8a8fd2978cbc1018a600a7a58b3ff283131c7888e71df9c3c5ccc4ce1660c8bff3f187f6feb99ab22d1d3610330cff99e04b3edb37f8e74ff04a0b25a92108461681b8aca8afb1fd185ae402dd0c6e425a53a0cc302269df0be29c69ec518c24d919e89f0c76279ea19191af0dcf5caa71df8c03f5b6eb3da410c45ee7257c9482d2e91066ca0cc2dd2c14480b08a24569a24db8e5100ff1c61cba2a292c3f67c87b4ac812e37003dcdb3fa268ac7727f84b2bc607959c01d77b15c0553cfd1967010c0479929466dcd5fcd6a057acf2b40a6490970edccaebe28d14fe09453a51cad72d8ba034a98026264ae67d6b2a168dfeb45fef36a7ffffb846cd9acddb8e34489ec4ab5c0fb0a4065b5ec200c02c18562a2de34c6ffff448d690814c49dd96d83271a0ea4bbf34c7b29114f4953a778e03a00de5831ed9038e1e3e13e2680a38b7b1c09fc6fd0b0e1a660d4f50012ecea6a930011ec4b11450ae7c2ba822c6b9a89ad145553239b31655bdf323e2fb5d08b9c6f4fb9de1f3490ba66a939f39fd302e5d95b5a576d617b78a4c078eb9b9135aa1da391a3856f454b910212024890c40ae320386ce3d1da7800f95dbdb6782307ee58b260c9aa3c400abe60406ef0e494ff1a908c22f36a0f26102dd085688add219876499d05e7987eff04e0baca76188461188132ed89ffffd21da24d673b6941e30589436de3c447e91ececad48b7639b66100dc264e36a6b127758e8ff3f2bf595c86aedc1fa150ad46a1a523b569828266b739a5967b5184e11e6862f17edf8b5cf109f0eb077af982debe4147470d8dcbee75d9ffd02ca31ef3448c28d2c155456e04289d994c48c60ba02a33f63d31f9d0e7c7f3c09a884974c35d192e8a2dfa4b9772e747ba5634ca2a3f81860128d47f36ad15d73f7db01ceab075937411b47532dba2b5bcb72c630e8a8734106473bf52226e3f01982e831d8641188626402ffdff3fddb44a1582c58e41dc5a552a909067bb9132b86987fd562211768d45826bf3e54e7733656c6489c6114159445d9f0d5e35b2f79737bdf7643e26a036c48228654d370a0a0ce9ee1528ada1a5d843f3c1033edf0f9b88899db550772279a5e385967a1a0d686c87cd6f81651a93dc0b12ced8c5c8939908951121f43708e2ef2f1a10eb5fb7111770219b3cd3ce23bba0e7dab797fc379a8f774808a71a13a7a50b33f9e437d2bc1c43c288b8a44eed8fe7b29a43ef31c5d4697f01c830b71d8641188642a846fbff3fba876942aca5b3937099f65a15847012fbb0a981f66c73ff8ba9218615a8e6da664e769c691ec1d75a184d1bad33c43de16a84fe8235a75535cf96e867d9a0de535e5427723062673c882a9b0d22f86c793d31060bfc138c19923e20e403b8420cc11e394b28409b8a91acbe5909ec10137e1b5114128debd831ca91ce942ab25b22cfccb15fcf7790cf1ef644ef4c2a067db98795e088d5316dd0429b61a62d703e01706d0acbaffd71e6f6efe35fbf545d22268ef0fe24fe8cc4af005c98dd0e82300c85ab4c82810479ff87d4100771ecc7d3aeb8cd8bdded62e9594fbf53c35673512b6d6c32b5fe4c4a5ee7a6a2d86b6a50a7c69fa8c24ba152061746ff9cd140a96cab1082c510dd7d941f1b38e9f38331e33853de903b3b5498a387db2dbd9f2fb2ab45a16167c340e3f2a005679e270a1fccbc6d22b7a173572f7e014d65ab72dd0feaef11a747b71bb13e2f761ccb46cae760df996c651c99dcb109d91a336ab729b926851855ad162084ec4a3fc28f0a35a1847f115728f5dc8cfd73a376b24ed27aa4b53b9c7ce72b0013d6b683300843bbc1a699313e4c8dfaff9f66e29b1ad118c8040f6dd9f88175f4b4e7523b83530b2b2d5a27455275d25bec790d9e8c4fe5839966d430e5c30036321f06f226b4390ac0ae5a80d57486b56ad2c7b64c8d683cb6cbb63d373a22c28410c8bb17b9c79ddeee83181239ca0cdb0d1d8e7b3a5f4eb41b470c42c0965ab1f6d71bb9a7a3af8fcc8e594a7a8035a0c67a5861837b6e3f077d511338dd845a0830a993dc9be91a43e8bdc307317c9da89a69342a68d3627196a6b6f7254a94ab5e5260e30cd24f736b39c4cc49a7b8dec27a49e93252954549794c7ee22f0017e6d682201044e1199114cc50a904b1ffffb7a297e8a1a044ede2a533bb3ba63d2fc2ae873373cee733ffd991e7d6e4a5e778497f7eec418bf1b810d3f2508cbebe35828ce87152d219234b84f620a40942efce245697d84dc0915d62f6236a420b47b6a821cdfd414d8d148cb3200c288ad794e67b2a0e25e545497196e2bd3d6d765b8a928ce224a1f3f144d7cb8daaaa410745a84170fa08d041a009e15079d4ebc93659bb0a228c42c2ce0aa35dd05e673a6b2d1194f015eee55b8a34ad139ad98aa7ffc8ce4dcaa2d9b32a0d4a959c6ba751efb89c8aa96c77d4b13930cd15574ea136fb0a4095b5ed2008c3d06ea268100d515083f2ffdfa4d18447353e4f087476edc0f1b48464614b7b7a2e8bacb70b3a001e7aa12c8718bed97f26ebbb8ac7929a3a4b1b4c01ed542315b0279eb37dcbfca8881fad9df93447c40cbab1dad99177220e0f5cdb36c28d5f43c52474362dabd915a171bdd942961f203f57b03b5d20dd17b04c12f69329fd3d2b4a3896153cab1aeaeb0deafb03deaf0f354307c6346c59e2388278316764b41d63941b93ad08a96c3a393908210c744da08cd886482a88a847c0c89d351759d219daa331f0e67f4740b7e7c7045fa6310860f5d10f14e5831c54813f9dbe730006d92f2d3f01b8b29a1d046118dc09b8642c68628c1adfff997c020fdec504989b5fdb6da2372f44d2f6fba5550b6fd68d5cfde792a9a8b0467e99aaf125aea6f82fb5f24b6aaaf9290e564aa3d68aed97abdee8f34b605d7b67d78b78022d6b2d2313a39c989a592727192e23c50f3ded4f47da615987f3154bbb90030ab7ce4307a1b1acb340bd73867aef81ce0154eca09338925ba4c71d0b7dcd348e89fac192f796705f923797a0c2d58131162e2fc25bc8ac69f4f0029b2186af189d4ea7963f30240e91268320e94c52ac1c9cbb5b355a35e615e8986f07aed419ab84d545ff18134d1f6645b23ccf8f007499cb0e82301045a70881a2912831214ae2ff7f9971e9425d685bef3c6cd5c4054b16edb4f7715a972a5888ce57d13767ce26ef7ed437fda13d3c220c310a1cc0b018d3c12ba5a7d59684b159f11174e1dc3339b9fa4eaa4144e8088cfa105c5882b9ccaf969e4678e3769e69331d693d4e90da81ea9eff6905d729038d5a4f7007ba7ea0ddfe0075b852629080db7d3e5de80e0fbe41ba7d0b1f6d34b08450d936704f6cecc5e5296b67e81fc5fb2ba13b6c052edbcbc2363be54f87570ebe305679160be6cf2ef7d2771e51c01e554e9dc1763b1c0aecab8fda62f02115f0fa12802b33e8411806a130755dec12b369d483c6fffff33c18356673200fda66f3d45339145e1f7c4478425953ad66262f9fca5779ed88f558de2a2d3420393c073e092f424b2f9a28af043440d1e7c249eab712623065c5566522a33156294041e3a56e4bc3e9a849bcd2fe7ca31ec467d7539b3a1b371c0706a32db64735d2a4f3a53633811b55e041937aa1cfe3e94abfbf697ca9ead537d3b0a5a48afe624ec5bd494c8dc2d1b640acf1901d8c674828e237c111038a50caef941539cf594999618b29d3bd92ff1a0e596f3e6893dfbed2c3acbaf2f8cc0b68a30511a9ec5c857e029065ed3a08c330d0a921ea00a248b030f0ff7fc6d8ad1411279c1f1145ccad9a26f639f7d80d06e11ffe6a428b4353c5e5486c0941876cfa3779f471f30690d48c3454dc93169199864c6e990d3ebed5e85646ea421ac04d2a41468badcaa2eecee2463b76a2453e4e279a702f1ece571a81c63dd0c899a3c39d11fa41e19b3aba3591798b1554b906678ce7cb8de4fe325bb0d407cd73a1f5b902f1205b403e96c1a86593273a5613ab406777a9d09ccdb4a986021ac56513a5be3ff27f08137d5b304f3de4eba9b66e2b50a42691a204a16a9bb05e7066d2cdfb18d362ef756055e737ec48ff08c0a4b96c210c834094181fc7aa3d3e56fefff7e946ab364d8b3090b48becba6880c0e44ed67df730d2304324ccae0c4559c0b8931fb73ee195f96595b9a85936cca5e2216a05276cc282edb60ac0b3046050d133bf3280ff28ed55d79425d0e9071f93a5eef4aeb93f1ea04c4fd71b35ed19492fad1f66b5b2cfe20579fbd6a05b6027fc7a94c1d8b417a2bb9c4629944e5aeeebfd143134d0e79b64be32ed6240abdd8a304a941d0e90bd9c0016548924277dd5cb52f8b0f158385eab6270611596871b13b9d1bc0003ec20de939c717a439db5231b42b1efb9eea74a4e0ede112ca17f0198b4b615846118da64ea5414863ef8ff1fe8546453d8da9a73129daf838e3449d373e90afc49a398f5df7fa4e15c170d362db04d387ec35cad81baaa1f7b241f9e24e3c7882d8ef0205970498e8e440de699df1a4b1e4e9a5832a761a4308082c87a430a72381eed4476696b08b6ddefc84fb9798ce2e27ae68fa0933ae570e2fdc9882d606ce086524ea91b2fe97cbfa7fe3aa4fef64a8fa7a1e48ddd9dadd3212022e4739a0a116e6633360c1eff2e628da66f36ae0465d330f4b3d6c5860a74ae9026f52bbcf8686531d57567ec21072115f5020be53da1ca5343ee2b613f665790e36ef666c0f4f90840a5b5ac300803c14d524bd14303fdff2feca5428b4259d399dd35daa38892645f9399c1294ec1cea57f4a7c733acec0cbb9a5b6a3b793478c51e1efa808e817f514b03b241e9fe7c53257c23b638b03dca7356440c048a2b32a1581d475b1605c6ec5c46512036cadd77134b49ae3fe4a72c1e6079e4dc2eaa2cf7e7dd862ad38d0e67ea2a4a34cf72af581a0d6a7bce645de1f45d2a85400a1017b628514ccf002f44cbb0941dace353b974fd7c26abf4fe46f810132353bf2cd9cd729f52a34e57373c2a2a574186d786d3b596b32f63b741ab5f5e4d43d41198bec627669de052424378e237eff13804ab3d76118046230102482aa2e7dff87ac94a15d02b9ef7e423bb0908448807c3edbb5ee2fbf5d7e98252d6f2d2fadd4f0ffc7b0be99adeb9a21e60a7999e3ab44a48427575c0cce16a938716aa84bb81968b358534860027d537a5224bf4ca2a07a5aa077190f8557582df51c5f4bb78cc099324b6bf0156f14becf14190dfe5d6092ccb596ba5c8aa71c286d4e6beff439463a64ec82dec2b33438c4ea75cb26fec303dc7407c3d8b8089e29f884f6ae7573fc05dfa64768ec4b6b248c056fb7753587c74cf212cf2324e08f3c7940eca598f419e2bbbe6f507b0940a5d5f5200cc2402860d4e8ffffa14617333ebc6b0b9b6f3c2c2bd0d2bb5e9b8592598c079b95a352993f8f219ee43a97983cbd468f26763eb8b3565fc0a45d07b3fa046a573c569396c4a657b391b26136f1a9816552bb5527157326457430d60b6eba140e5bb97a94b277264403429d9b8a4df4692aabab83c1c0e2ab6801a91cf6afb7075efb13187a47e902ec7bb39eed61fb201b28041afde79113d67ca50cc051c59a04adfb3cd35012b77f9bd6d4634d0b884f1dd899b9aece68e79d1dca5bffcb786a7706fe29236a5f778813c9b008d0fc8cb2cf4f0026ad2d8741100802c1f4ad69ef7fc11ea0493565e9cc2ca0fff2a1ebb0f3cabeb4db92e6c365cfd9ead17bad4777b70fd35d67ef0e15b1577669f8c25e13f18f388e998d254e037b02eaa82d654ad36f61402db462cb9c80c6eb03c21ea27fbee32abea991a784257b052434a69cc4bcb376536f0146db33460e394e244458003c8bab70797dc2bc3cc3e5fcc600570d61c375fa5d2b909b35d45f22428bd04f1fb8b49aa4881bf3d5c4c407d20868e7cf6c1d46f158a3a1d980bd0b89645b71b9a7e07a7700c560056f6b8d843aec3debf65d70a360b0e2d0ba43664d5aa6f0178048ab5d41100882b3e247945820bdfff305112156249addec8ee75f3d44ee76f66667a6cc9834b525947ebfe5c880ed1fcad2940503ddb4492750b6ee412421d05cdd2e342885d8684aba1121269ace99b32092e629825b892536a9151e2f1d4e89c11eba3e11a4d6d378451d7766a4cfa2c46d63deda04beabb9ced7fcdce37ca79972780e788da3cb8b582bb4fd15e7fe86fb63c487e84acfbe138b9f850615f9e24883ba00db9c0be52447f45ed3f802a6f9ca56a6f7ace41c3ca550f1fe25abaf6734cb4fe6b6b604fb81af8aaf443d2c599fb54c406962c3ffc5bd6349869bfac6c3fc0b40a5b5a83008c4b09e8a3206c260feff076e4ef6606cba7a367da8fb00f1ee4a93364915fd0e3831c7d4140ddb441ce57d7f4cb104efbc95101c3272ad34fb24c9e67c84b094f3eadbad9b6f2ca8e019c429f35761160fd634c269a796daae9329f6ac2a0e3ac05208858a10d1eec92f4585c71e35830adb4bbaec3dd2fdf1a2eb30507fe9e9791b84023ed24533d5f2322c959be0ded4c2cf6c7ee28f31514fd4680618e066761c048452cb0be3c02e5e66cc05a3fc1ae73e2a6f6317359547be9f0db94a39cfa16687eeb427ab6d22adb66e465dd985f61c6c9b5ca4f702f05fdac3a86e11804aabeb411086811d43301188feffbfa768082f4a8c68c2eab5dd873e02090ccaadd7bbab39ce49818bb293a2142ec518a2119a51ccf41324221ba8039828af4a5e8cdc08fbf27946ca164f2e665cb84a5c4f5c03d55757a5a5b61ba83b9e4050b00d1e06f4cc4615994a7b6ffc6b9d1d279fdda9405ea977f9021b9ee7078de7992ee344d7db440b0a5ae3e3f7dd5e6541e192a2fb2ef7b732d55658f2cec68bcf8a2d19e06dbc2069b3e79a9da3900aecb527cb7b7927509600188addf43827ca039708a6a63db8a86a11451459abc37d36f76f5278edaf551113920ac0166f91a5f89c88e66c667f0520d20c7a10846128dcc13828c418a327ffffbf32314a22278301234660b3afede044c205b2b57d7dede7f5a6732e31ebd015fa8726200b068a445baabac4a558e7b6c0b0c8aa41d04900cd9a28b9fc74486db0a0876e65735276cf30f8dcfdc641ca4ff4ecf18a8a9f1b894250dd054a2f08055ce4e8051321b32209678cb244fed1abeba8be3574bd3ca8be37d43e5bfabe7b2a38e04ec73d95d5990edb9d64433f7e58c726d53ff045ace168dcc6c9c9f42872507af8e3a81e79b6751f342f08506db68bed4946bdcd6c4b39233823b81532dcc61a7f3dcf2cbd576be7747c66c546f5d43b9539192706ab4029314202eec21205f8e65f00a2cda007411886c205168c099828ffff8f793292a8c4134204c4897d7d1b1c3871e9bab57b6bbfb205965a6f9d75d8644ba268d56c2cd0b272a1b29e304ff589a85447ce13450c7b9fa9c4910766c284e5b9500dcc2281662999fadeab829d7c26230801d7caa00e2d5469166561d1b4575194ebfd94e273b929589bdfd08dee5fad348fa75ceb9b5cceb5dceb46faaeb3d19983be37aa6329d549d5ab46db32bc8d39dae9a1dda9c33f104caa78906e219c9cfb19b13703faf2447fb0566026dcb030f7b1701ec76aae608fb2517fa0339407759d84a71eede48233723e91ae5cd848277c1e471602dc06590852d00e5c40f1e0bc2ff157b32ad66ad5eebf00445bdb0a8240101db77511b340cca2ffffa8400829901e8c0a31c8bc35b7b57785dd99dd9933e79cb52e32fa33f60e061662742206c688196681c2ac3d727f95123c7102b1c8e26d19fa958aa9d2bbe84b5eb3312a3a4f7fc96c528be0240f7ea801d04122e373db0dd0354fb8d70d8e23169165047112e390bf853c4f21cdf076ad3129d10683ef3800efe605d7f202c5e90c557963113bc08395609c8822cc0e39ecf6470ec4b5aaa17d14ccc592fc657155cee17e88e7a5528ee0cb62c23ff0658d93021ada607947321b25d364e611b44e65975a22798c48f3c4723df06cab6481071a6cc692b878ffd4ac8268c8ca8bf46dc98752a063b098a703ef3952b9d003cb7e9472fc13806a735b411008c2f0ecae4922181491d145efff6a6504a289db1e9ac3aedaad8817ebcee9ffbf299a63bd445148f99779d1584aa74a9b55a5e1dd0f9aa9e6afd41006a2ec4e5201cf8c9ea320aeca03ffb1b81192650726fe7571d975e5398ee93bcf98a3fd789871901f288af13b5dbd87777b82dbbd85f3f50224b3d6fac07568c2e8edbb178ccf0796af9e0d6572aa2ca93718c1a36bf079096e1a601ef0b258c52561fc4c50e1a1551599d466e1615551f0a843640469592688ff4ad9dd65a15c2767c8bbe43f687e3f62a6328453125e19b7849408e44aad1ee48a176bbc3ad29952dda73b2a4d50da087361a117422608f308c656ab6cdbfd0460daea7a108481d8c0f1e193fcff3f68a2c684080a4336dbde697c22213cb0db76d7f6ae1a82b674577cb80985df795cfeaa12e4e46c09b183c1361028c4fa9c508b66049d869f648a4b70615b3d3ab7bbb9d02d675576974a652232eb9c81031fd5cf860e638c0200299390af61496b78218da6f9813ab628a81d883f3b282db96733321fa1742701116e463f0c58438f7f9cc2fd760d239e75d787f678d282b6cb198711e083fe3f1c54310cc5a0584d3ed898a3ac03153fa1d487034cbf4aa97e37839bb997cde43ca5b54d46a2e83cb8fc59b22cbb66b737b82053599633801415e7d818024ede25a9fd1d33e7eeb84682091b03dc7070e3370ae64700a6ad65074118086ea55640c24d49c48bf1ffffc5ab57a3f120d14413092982bbb32d7ae751423b3b3b336b058f612587a32c37cca61097921c2f015e486c9acd910f7833b43d6f0dc46e645d635d1c5470c014d510b32f3f237b0cc6357698fc3c13fa4d25aa800c18fe89e3fac82448e63d2580cc90debe3aba334c160cbbabcd961cc3adf894b2161bc2ca799571e3df51b1db53b6aee9713951733c40242fab9a6c56527b3d230ced52aec3cb05b97ca62aa0903781ac30170a01bbd7a19e711e4e6d94e0a2fa443a5936a24f9792d183e93a9732a1b2b0f4cc9fdb6f825df7d14654471713bd06a70d50ab2d9ef7dca659558ea414482466725c4c78162fcef33b4443fe0a40b5b5ac280c04c19a8c111d8c0421905d441114c1ffffa03decc2aa0703bb90681e63bf22780be432ccd05dd5555d13c146af07f5e2639a0b9068ff1616cb074c8cf179b55b04f33897c142736b8fe6de0f2e99436ffea5854de34b67d4802e577dd7eb0cd5137234d4deef0d0dc82991932ca3161fe0f3443712fe88145147a8ce15fafa41b81930cf169a08a3875f7d6e51961bdc2ebfc8d76b14fb23eadd07be667431cd1dc5e1242df9e7fa8db80c581539729a6759016aeb8afefd233e0619a9d8d11993622ac3a9cc179dce78ce169865fb7e509164e89cc00d3374f6e2c32245987b518aa2ad842426f1754606191ba784b113a7c5c04a51cb1147fa9e723748dd6bd504a3bc6a773f664eb4ba239e02f06c352d08424170353bf481598297a24350fdff5f645054e2c1222abf6d66573b8a22cabe997d6f66d6a3d4443d932b844f138515ce59a3daf9532d5f42c472d340f1d90135cdfcb94612bb07909b978a34359f87c3bc6be86e9a7e8ab86eff41304d5f7341a8efe9682fd6f323a5baf902e8c143cc0e15994cc3b54c363bfd96cf3996f21a836af9d3283dfa21f55a0f28a64d36f64359ed8ff24c975af42a3901819e044124efec29c5ed2e3916c40494141d76b2de6e700f487e25925ebee8a7197d35459d16a6eb59c51d1c7f4bd86968ab1dfc5dcbf0a8104fb180a3854d655438b2bec6188c79bdb63964015c7cbffe77ef7cd47dabab74d8a9d33c12078fc82036be603a30196098342c51bb22e706d4ae7f023071352d080241745c2d4d0951a44354d8ffff4b11454850505d4cdddcb5f9d88d0e820745177766debc79cf88f8c82890870237d22393ce22951cf92a8a589ea01130712f4f9a9b7891b24de043be4290f4e0d5dab4105adce8bc8ce22351428f5999955a2716665a124f88fe4b107dc619f6815d0ce679832546508580679e20900935b4aa8374168921962725945e3328aa12083994ab1c8a3c85e67880ebe98c355363cd9db0dd7961cd6d319a63a8f73b58d7786cb6181506ee17045a8f8659304c58f2218dfa4d1d823f6f9b583e2cb729c6bb769ca956809eb45a44cf917669d062c78fb8348bcdc3a76fadc5cad7876ed358d9a472cfc4d840859ee2b33f5582d7e8f68385776bf95700546bbf023071462d0cc230104eab32a78e394126faffff9aec650c066ecab42c97ab638f3e14a489bd26b9cfd48a4f3482672ef48e083a3534b050a7855b6647327ab7942023ccf4146216637d42f8c7b23bfee70041cc1223fea98b78d9d5fd7ca2fb1426689923d35bb5e1a43a060fec412a0d54f199a42a9cd4432b4ba999bacc5282c9c4050350ad6ae819c1d4e70254f5b1148d98e9e87dbc69bdf9d412a796bc18a4edaed2f5bdd4cd45ce4d63f694d763945c9323dd118ccdc5f9e5bf412bf0388d80adf7d4f62dce2a7dec0a1074e220c17c4c604d6db3f5c4c3452b63030c01839cac2ba7473057a746bcadc6e0e004c09e595964977ecffd459204f6668dc3c1571f58a57c05a0e25a76100681e0165b01dbb4d1d418fffff3bc3526d2c8c39d5dc478251c366481611ef45fff2bd80e2ca8392aa212a63f2aa12e78b35303a07c8ec0bb193b4d8002000a148f9a02ceb8778b12e10788ce604c8a864bdf62b0e206d855c691a49448535932235035ca13d4de83bad193b5966fd1443e075a1885da69a5b8784adb46d6b916a9c75b7264f49a85b1311277586f770637135dd62b05a060aee334cffca439d3c4e38ee70c9e8f582e04c1a4de0c2ab8b7442bfd3b06ca4f2d6a86e6545a8a59c611efabff41a061c38b51ee9eaaeeaa7f15c04b2bfe855834c51d2b892e98851a898eb92143c9a9dc7731d23838d5d4e39be5e876ce0838437d1f0188b8ba1e046120b683a1c48898f8ffffa691c0c0b657f1811702d9b2dceea3ed5dddda6e5987c63308b33a3229737fa05d70b8cbbf66e1ac5e46b8da0b5ded7bd14085ec32ae8cea5a4862df2d5d37d121212a641b5672c419f4555b210e0c38dcd6df604478899b38e0bbc7732cd3847838dfcb34cf65c40d5cb1970feb5ace23307ac43d56941d7bdf525580fd8fd70bd6789519ff698e013dc39025173d0b0f57a0f8995484e52c2da52d117fc6273a73b13fbaca62e6ea39066b965a9d6b625a3dfb58cab29fe442987991d02d920fcde924062498241a099231e059e230e6dc9f5aba54f9d9dd6bb84547a1bd32e4af003c9ccd0e83300c83dbb4fb119ab67228efff98a08d6db1e3f6803871690bb1137f547470d84ac26cb92a89cdac4e6638998cea48e689c78744aee89a9c999b40da194708a41616aa4672e070e578ecbb0b994fd4450bb55b587363801c26db7de1a3a57c7ba26946eaebd5d6b4f69e5adf881adc97c5d59dfb2c58235ca5a8df29de5f6fe98fa7f0cd290707d8d7cb54a33c60a8b366739a83c51d54d7882c7e15db187c143e71262b9184a6278b1f68404f9c22a4f1ec6cfe0fec606c02a1db1c9fd0ca2cb8d7516592e5412d4b102a89677218b8db1c688705c84a3c92fb54e4fd2f00115792c32010c3662b9528eaa1eaa9e2ff5fecc22cc57602779098511212c776b94cc9093c071c8748c4791181398a2289124619434e1c88d16549d1a59250b068be66c2f9700689543b2b63495aca16e1dc343423497fd81d2f8f57b83fd7fdfd99f62e10f4407e006a07e4edf372635995b58d70e409ac037a1184434aa12d4c65675c4237503c71693de2e93fe43b24fe9fde5f726b9b675cd7a5e2bb88d56ca62c8fba403530fbb937eb668332befd9c695715505519c8e731833621efc948b0f4b26827a3a00f27c85993e3ab455793a571c2e29812aa9c4d6a1d87d4fe2f001367b3c42008c460a9f447f0d6e94cfbfe6f599529f976977af0e601475d92902427af4451a8869135db6f6d6fdebc9b91029be9e6e9c398f45422a2278586ee81eca7fc116ad19ebb3978cab6971cbb2d38df444d760c5322faf5f999d6d77b2a65a548e2feb88294b18b2c22f6957be57155e65287be4ba968b38ccd6cd7d63f22e551a0d6d9102fc3cc230571bc473985b2241d48897f6a9ded249ca7513c752ae708bf919ef3bb9b89dba0fe686809d028650baf2c191ed7b62f26c248c941016b8856c3dac2d874ea12d5363491c8f5ef569376fc5b5e40b611be73c1fd270013d7b683200c43e746a6245e13ffff2f354160782e65fa08215bc669bb5e4e3b2cab4daa105e7f4960b10278eb154b20597434af629d034c5dc62fb6bf992622ed083293cc5733b37beffed5b429ec71ac7044ce5827377523d7f1893d4e92d811c05d1f7781372014615a8ffb55c49fb35288ef3401003e8f979bc0265b6f8303c3779ce7c3c3b39b3ab33242e182b6b73f2eab1c8ca07110f879fa084c9d27bbb4b6f5f6fe183c959c9a2c640de03f50b0c4d8b32be34966a5b82cb54701023280caa597ce740311e0c59aa9383e1b48678b52a41153efac93def1fb39d8f29d1866e6fd214a635f0188b8961d066118969568549ac6feff43d9445760b693b26b0f452d7935b11dbd592cced4dfb148cc830d4cebf4f926e916b2afdc4be64bd7c7de0cc51c4613217086c2062d96537e8d6d42d3e29226bb23142f2fe4c707de522b3579aaaae70e8ffba2e23c163cfc71da0aaf0bf8a5ebe278217d651ff8a3ce4c81d7ea40f48016a53c7bb92e0d211797b3e1670aa2f2249ea8fe917a42d3a7576ee45db654303983fc330573edc8ca7130bcf9ae2cb8cc0951c36160aa0334a0de353591d41cc35d4f488785270ef46048d76523c1523423f92796eb25d342f007b2b19e95aff664f56ffb452b0a0319c3ebd37e0210712d3b0cc230acb40c5582ffffc149bbecb2a95229d0b2c54e0a270e2024023179d81e63d4069fc375c3f266fc151d13298402fe82555bd4e773037ff2e6ce64ed641dc8c36ca611e11ac78699318e52cccc6e59a4f9ff26f749951b92e08babe8c17290a06666202acac1bc0090d990131c5482559e5b5372efd753207725d30e1996a55dc1bf183d2716e40df009420f66b05c0529317b60e6ee34b628724dc171dbf941704e0924020c3b7f335b5868e84ef3319d4a5dc114e0e89b90c678a1c2be0dad4c0e09e72ddfc8d041f6796f2fb533d23bb3c3688e97a78389839a1537ecff11cfe977996475f93e1dbb24fe7f01a8b8961d068110c8aedbb4569b989afaffdfd71eac31b1be2d03ec363d78dd440830c00ca1ccf54c8b93c381ce004d266c3481cdbbcacd9443aa9b75808565d1b1151c0678bcc628d97f518dfa828804c8bad539dd9b8253e141afe74c7d37537139a884ca19fda50876568d2afec2741283c258b82a2297bad891033bb27fb75293eae6c1ef56eccc8dbab6959fabb88f0c42603ed3155cdb6954f082fa8974c7851b7a4f38f1c3ef42bc3b0da3a53bf77f0227e87c1920086814c8d1618429ca6f2ff6921166a6885227633eb52e2ece018da9ae48daa52d49d27e590a1667fac8303746c77658cd8f5c20afa0d496230b4aa4ed59bf02507135ad09434170705f892995220d22d29e841e4affff9fa92769f123a7b4b1625e4cfa66362abd85907779d9afd9dd99905b5448fca953e823d4c832d1c8890763e36bef9cf72137ad50747d23efe3c5130e872c4f67a276780401064e057388493708b89fe4789c3ec8facb4d85437d52fc6f4302d6cc73c48b6c65f1ddb1f10a331953679e5be8913155c655b9c37af581f2eb53ea5bc5ac40f13c975ede76bd41b5dd6332363c2d6678797bc778f9aa4ba721f46d74f61989b5a4d4b7ad3827c7fa1bbf29244bcca2e3cc9621eece530ef398e9c9fbaeec02318c8ea2d316ce4e1b30e7480c53a5e0c5e3d0d4a5a398436ffdf460a31b34427f95c7e18eb05d18000ea4fcbb7fcbd2dd55844a3632e8149e5519037f02f070b53b08c2406c209f31c4c4ffbeff83196362a2a07cb9b10ddb3be109181cedbadbb5990585f583c70ba5e213619fd65a8d2a9b2727fb8b3be2c3fadcd425e93895b10d962987baa558e1dec35c9e3598ddfead499701c869cce9dc489e648742768f5ebb2558b9c362e6d909b2285a2cf64e2ad61268a2e9566e6844512c22f9bfa0c7f6f932f7eb0d08f7660642c74f6b0e104e3dceb4fd3898e96dc59d7dc10ad9f2cbeb022804955b55d60ce4e0b348cd16459c28aa805036ad35d2548db3c93f98709b8325648244b9a120958e76a692afc81b1d46b379a357983a694ee3948f250a801f831325312ab3654168396ef135149d286655283350c02d51192149b763ccba4f42aacf33ee51a53e84dd42f81380886b5b41188662675e36750a5e41d0ffff364111d4ae4e3bab49dae1d35eb7f5f434cd49327a3d59a992faaa6d04df654486b3c90394304db22d50c1a57c1f753dc1b5e0237a4cc956ac1d054d8cfff936317b3bd18da6f34a4abadbc5d9f574073009023503f190d17c1bcc6121aacaa31d3b6b6a87c5a9049c263c97a93e608b27825dae6cbadd5b797656b48d260d0fecf21976dc8234dd7a8396186d7738da7a7fb039eea8041f42dc00396f65cce28942082822e71ef846af1cdbd469528c0e1753ec4af7156b15338fcc7f44f71ad5737457f3fd49e27fd23cc2caded22346243bd10649a22903d130930da3ec65955e36f1e0ef10ad578d6a2248968d3177c5dfa2f0cdd24ba1daae0ff51011aa29d44f001eae650561200666b7ad7d1c848a1614bcfbffbfe54559cbda97989944ef4b4b9bd7ec2499729e0ce06019fda51efa9e025b5df5cec08dc68fd642a1964ecea895c15e0c6107deb7d45ba15140e1a3c54506ed2e05c27ed6281fd3248f7bd24898bd5f6a9bc87a9a43c788aa1aebefe84bb64f225cf637f5c723fd341d527927fd7091eb0d56eef559893c5ad4f7b7ea64fd7990fd7150efaf35a51fe4a4f5b4a81a935cc31865c8362181e807f019b3a464c644fddfbcbf180ac30da4c9ccab6940e651a4cfd5a439037105009c96294cc36ff65d34e88f05c4f033a8c758fe775f8df2b3ee0978e41224cb6a341dce20db55129ce6fcf81d36bafca993034298e1ea60918684d6c7570022ae65874118865160f4c6a45dc661ffff7d93587995d1d94e60e7968248e3268ed37623cd196db175cad86901f95bd042ba9009838ad40ed3d6d238dc2d1963f4aae2701b902b92e26365eeeac5c5fcf446b001636dd3ead054fffbf3831dde09468edd82ef406e1847a51792250242a29a6a23e0b2517fc8f06aabaeef2f82835783b02bea8e40e8f11ce0e1ec49e9e4217b760580a707fc413be62f73aad24488fd006267415b11496e541f3dae3eaf6af51bb3c4cc9d913c212e9b088dc5ff4dc566bc2fb8924f462c6afab50ca3e81f7ee1c57336e29dc170a3f338a886c900ecd6d497ce87b9f07e14afa17abae882e8f3591396b5462b6253fc04e0e15cb6100681185a70e8d19d1bffff2beb692b88dc84baef660acc239924f64f15e02d2d62376e4ad03b3566dc367e0ec3b9c451f254690a9e4bc0c25417e07c5307a992afe17aae5702971d5540fba5c2b60374facbbf4913bcf4f778f9f7f16dd9a897dbd2c30220f9e4c925ba4a2a0f3af45a9f0a0488ef1ad6d7f1171fe3104b181f6e42a88cd4d806db5d38b6e02045c7393b6421398b5f0fe991fda0d3ea2e11e8c41510f05f95115e42ad6e0ea0a78ae0cdeed4c8f60ff4a0a6009b57d11c658ca94a886c564a3f2cab17bf1b7305245900d504814fd38a9e27e1ef2cc7e450f2dc07c2f7a1259d01640932c49f003c5ccb0e823010ec0bd404f4ff7fd083572584da5a77665a8e702865d3ec76e7b1893f23b89e4c06a57b3f0d4162a33cc9371fcf31b1dd1781ba01841f8bcffa9094636031ca39922df4db5b95cb56684aa78c462120b352c4ae1f16e8087000790399cdfad319ef80f756edab813efa6c84f3d2e3ce348ae7f7f3453d6d5a17e7971b890358ef0aa518aa976ca1da68f8bb0b1c81c6fe8a744b207d61ccb5ecce099bb032e4ce24f930dcd891e52970cc8d628609242e80bd01a802a5fc6e99c6e2ba26abdf5772a5794feed8be2c3938ecb136813193279f2cf15ba28aff02d48d072a70a218d027b22a84f99add356c1d001f5929fa2f0013d7b2c3200804c1aa28f6d4ffffc49adaa4310569e8cc32a63d78303182661fcceeecf43148b9dcc408696dd9b472761b9f8417526c9018290cb6a8f530d93613ed831fd90dc24f5e6aceb5b1128af77fe3f5f5a79e7c622f85627a0ea5d332ab473cb53249237f7736bb897787d1e54a954978d4e3e5ca8af078df8cc116e6468ca6611c3b45f9e16dc499b7abeb01872a7ec0b4441380222ee6e9afa8a8eec4ebf5e70c8b421ca93389f98ba547532369e1f6b0ae88f64ce8a670c93493ca475c1d62da8803576d4c3d84793e43334eefc3ca80a57530b0ffd14eec13d698670e1d374a2b6bca3daf4b27c10f614ddc27acbb01a33fb78c68c161e5ea960883c7377f0560e28a7610846160571195101ee0c9ffff36134d2426124160a0bd5b893ef3b0b06eed5d77bdac2c77446433381236ee68754a7bc97b5b5c13cdc810e88d7345dae526720b3fd53930b87c8a595c868f87ec75f1b1bed5a1f54f591036f3c0e0da5ada7743de3109127a169225192804800ac0d9741ba5bdb6f2bcdce5f3e8e124c1761e85c73cdd96ca4e05077221091d2dd0111b531d0c1cd5d29c1b063e3acf246ff4672d75120ed7e8e1bd30cd41ed36db01d65239d1ac90d084e439a03e5631c09b280fa921b001124ddfd73fbf6dd66e80c7c128095416b4474d2620fc7f9c7da4671f9140c6412b93668cabcb4f6c79609aae8bd2b62fbbe151aa42a5aef62c3db8105f01883abb1d0461180a17014944428c89efff782606a24c607130ec69cbb8858b05b295fe9cf351c8eecf0d706ce3ad738d6babd49ecb56e8784bd068aab096b654b183f4a3745492bd6c8be61f0956e88684b03e08f259f2406536abc3186ae64cf3126aaa4cd987170da5dad44f347071ff7ef634bd46caf9d8b4ed4d1afe11e32b0e5938c1c0ac01bf864e54df75e4fc979fa792f59dfbf0aef6f23d8dcb012fdc6d80a8a701ab70a371d21175d1cd023ca382bc08bfe35016c3ee39153f0a940ea50c8644c2a234eba06330ab253d47badc7b95588a14334b06aa9f61dc515bfed404c1db9933e2d53a3c7cc30770e7578151cd4390ecbba94ff4b897746d4a0e629c44f21a7f0188ba121c0481185844f08044a389c4c4f8ffa7791b312c08acebf4005fc026dd9d4edbe9302d9d0e59b9d9ce49be63c947c8656acfae21dcf4fd9a5c52cde295964b4d6ac5f720740e0ae6dad119966dbcfda3c34451d1280c0ea30b24c31c4b4a1cc8cfa242dd9865e37f45d872b461c845c477c7034df6203d2ea66253a09edcd31cf029440367ca56396ae084cad3996ed70bb9e8839c9a02751a2a5f0fe41635ee97a9bf99d8abba00d00e62f27ad7a83d3b4a67daf4e8a555c6abf844cb395ebbf348017f8342793922abf302c9cc248568c9d270907ccaabeb9f8a178b7a73fbb641bf781a7ccd65045fc3d15aafbca365e942882c90082220bbc6256b11ccd8f3265b4cdb75829a9ff74903dd9fb8f0aea79f003c5dd10e83200c2c01e730eec1ecff3f700f5b9cd3b84c91f5aee017602cd0eb71bd867171bcf3a14cc38f27dfe84c29b0d5910ac5c55f2a54c6424484ab6de1ca56a4ca481851cede149a2c1d273b84d29bbdf995d5287d2b783e43d9338f8b748a3c62bc30f13bc3e11ae028fd304893afb2bdbed268cd88c7ad7bdf5103441d9622d4f5f1d47248af62ad793b051de1d6ea89f4c650a1110766c3a918d9979b04dd63d36796f704f7ccccc0605920544dc1125bd8b705ad4953418ff9b46a270da941f020ddfdce090869b73cccb4d5980eca1411ce36f5518e7e3137b61720cfbe9d83e92530e06478000e7f998c1cbfcd844a2453840375acbac0d6f80bc0d4b5ec200803c14a5b14a5d193ffff615e4d3c68c0263c4229b8b3db369e49b800cbbc766ab0bec6c56459134e2ac3beff797a5180a798a7e8270cec2b4230d09ca5c99e9a545883d240a45e97744a41d9ad8da9bb2647b2534a1c8898c6799c2030ccaaff784e833b702a8c7863b9091ae37b0e9edec24e75afaf7a3f1faa6d1ddb65e0a4584518c741050212f5dda9f37253f57092539036a96ce3d380b6583a88a00a793fa8bef32c2516a3d70a6d8250d2d0fd2ef45f72573cf840234d4c094e3362456047d71e011dbaa6ab8983690763a5c113ed61a62a2909068f3cde56899a44f950b2ee2a0e48645e0d3074b429691c75ea6d2714bb6075311078d292d46888bed184ff0940d5b525210c0231964eab8376ecfd8fe7975fb6567c7446a89b2cd4f108946dc82e4950566f64a6a956895c3d8176216b7d98985404b3458500f468bc41d01da312a1782252b93c2d21375a49165db6055f549f82b8bf883766188855375a8849192b2a1b0b0c878e96780c023e8b9dbf5917f8d8e9b9385f5c1ecf36a8a941192de0e7e486b627636439a65402a864336e5364a6d07a9fa39bae37f78a4ff3bef8eea73ac0662baec62834161d87a0b0fbd66fb250af6a4a82da1b0aa532de6388a1044b1437d29e02b5bc96a25d0dc1ecf18586648c721cfc3038eacae307183752a12e96570f4e1376360fd64e846c7b8c2bb1b30f9eed134cda5f0178b8121c048120c61e02214451ffff44892412881c3a6d075e40c20c4bb7572e2b671552f0981db34d768eafa7d3fae70875a54425294a6eeec461d30fb47b7d5a211d5306678fad1dad5e6ead8f47ab780867f71caf7b55a4df14745bff1ab8b9f747c3e750924380c7905edbd917d7d4c50c2a6e5adc9a920982503373ed5a663a610cdb885e172258e65956c977d0333f36c8e16d831c471e7ba0d776fd0255379ac4516370a5a1e4da16ebf614870dffd234292bc3386221c0c46abae8a4c177567946aabc12408b7edcb859a706c922ea59971c3d67a225c27d1a283a787d4d99e5fc83328381f6c3467207658e78af7f01883abb150661180a8b5a705e0cc6deff0d37d88d2bb2d92ee73bc1dd0b054b939c9f24734e1c3ac3abf5d48eda4e68423818a90077c0f761b68270e47e0c8531b4500de065bb41070321dc4e26df8f1c4bead514992b384ceeb6a4aae466a07168a7b26dcfec221bfccd1a3f4913ba307a5d9634581542995e6429665af48a9453be519ca94d4184ba608e2a666997352ef11d3952dcec5637ce101f8d97b5fd67be169ca71db3f22b70ddb24ec335a0c0ed9e3ce9a3e18f652f4ab7014c331244aebbd5eee33d65b327764290b4761ab6ac9c8d4410a10348081e88a19e141a48a262392e4b489cf13a404a4fabae7a231b0d3f01883a831506612088862408a5bd14fcff1f6c4b8b58286a62fb66127bf3a24461cdee64f66d5ed520fa9f5822a32ed1293356f175b105d1402c17fda82a28295819431f9786d92b3b9bc31d20f612e7895b3d846ce4a4583bcb36c97f2b85a85a1f8e193a476e11fa098fbbd12b23b70eaea7f84f0166a29d2f465b2aed151a8c8951742dbf8f5a9a8669d428475eefd724873bd1c8f39595621b5d69e8dc1b496b3f70e6ec8bac759e96704b6ed3385f72b88e27bdf5f444cf66cd0d86c8d603f44285a7c7526d6ab5ce8d109a3ad4d4a881e80c1741a6bb0c946d27977829740ba6fb503471a9f9ccf8f49c49d0cf89b4f81580aa33dc41100662f0c96608f18fc6c4f77f41084e09896ee0da1e4b7c056edbada5f72dc6fde3517c3920b968d56d4d6e98866c3ddb22033ccb9f0c8a31327b1be4043103849014506a4ccf891704d7256f6e5823dbe32ff560da8c761c7a48977dfca130ce8f7e0340541a5f8d2b00f07d3f5c6a5fcc94109407e00fad7a99014344282e2e119022ef5ab48498ca38d7de38d9929eb58878b2eaab8015316f91c2dfbaec089c833f6b0d7c01b19fa69505bb3f00b90876bdf53c1a21679605bb6423f11accd8fd3c382349a30dbce81c08b6ee9fe11e1dfc09bd0a178edfabe834840b674ecbc4420b9443f29bf97f331e5ca193fd0460eaea7a108461e060e8164c7ce2ffff43457c408c03ecdd75814712c848bbad5f77ad89f5c78f9191a8241e1a66b2d3571d77b453d96a772db18565ffa250eaf64eea13633d3815e5bbc8d3bb3a04055913c716b29b2552603971e70866afeb18ff11cd2d8b253255b779537bd838e086dada0850c53c5ef97dce7c460e1682bfb0ca2398c7c73cdbe93d86e9f10c932972366f17585eec2842383a49b374ab247ae6913a5f5561614b61e374bf4ca190c530a470bfa1002e0c108a88331c9465e74cb1e078628d19da4f73c28e89424d451a84630c2552a15de5b220daf3189f0af7ee61587f2b1568dd7aa8d784bf00549d5f0f82300cc407539160f4c9efff05d59810ff0ce8e6ee7a627ce78125d0f6baebaf2c554c24480728fb83c90acd551e5aa32e4e17e7a923ffe15683217866718203438aa0f18b93f4c396d023fe2598f99f66b1600bc5306d9b5df471802fcdab6459ee9d59c78643eb1529f42b814ce8d1d67cfa1aab9cb8dcc2e978e0d74cdb3ff5d746535646e6cfe339d237f406bf369b1c709d7cbf99fa2c9afb6e11e29b0994150b514b1733214e45ecf89695e6fd9a383465e75d952dfeae43df30c7a61a2da007174be206eec50e0c7f4cdfdf8253dfa6642b83d008d0f4955a1ec9dadcacf6249c3112fd1f28298b54071aef1f0198ba961d066118d600dd2436f8ff8f9c04d2a41d561a563b2eda813b525f8e633b93713744dbea4a5693c927162efa80b5cb0255fd5bcf8bb530ee9c145b4574cce3796b05fb9d880c0e68888edcca25614210d73737f4d84e33649b85261a24478bdf852f5144be7583ee1060844aba6d6b00e9d316f39596656e08368bb1a93a019db1aa1158c8718e89e008b51ff36393ae30ecf80a4ace79cd95b1c85e18a54438ba4fa90d1389717429de7bdc68eb3aa419a00ef33ab347f6c164b4eb1d0541ca23bf2ec2ee5603576c0c491ac4d0c8cfeafc67494a0e056e498defeaabf259b4bf39471ecfe34f009eae6507611886d112c6a810ffff9d9318132c15b19df63c6d8776cdc3b15d93fd66e7b1a63a91046667f266ff020407f094cbab4dd44299319031c6bc5823a41dac0e819eaccf576c6693bb65c45a5cc606f0daa95d9138e9d87f9c0cb4c79d3ad0d33d7de972438a86b0bae6e9321da599bfe2f9275a0b9cd07714330bf84256a7c482796e108b314632715d51f522f6f7343bbe42cd96bc8cc55599daed2baa4857a39e6665024e3088c7cac6a6032fdd364c61e2676c514d267db2a4fb253a0088a87a59f1d674612173b028da71e9cfca1645f4af713b5fb2a8a677adf4d65a8bd4789a00fda16ec737fe0230752d3b08c24070d3164dd0ffff5305a94ddd79403c70e04280c076a7f3d8b6bdbbd55e85f8722759ec9d1afb3165aeb1fc2f540a70d0119c9f2b5ec20b6115bb74aceb3331defac8925b9947170803b6af70817aad685ddef66fb45c3be9fdbf0f76d0d8431c8e3625766ad2ac9e163b816e45ae31e40df45976e44b0fe230a55dfa6121c10003819d72d064f8b542c05dba9c6ca2621abce7bddc0efa27fba7b812cd8b2dea653a174f2c7fe57ce82cab9b1ab3be3861d651e56cf600e19a1d59301f793486a73b6affb5968b7b182ea7f5cc10fa4bb5241a703497aee3f36bec6dc44f009ece6687611086c114323af5b2f77fc19d769bb4763f6d17db09879e912a11c0f9ecd8fdb18eb8d10472d35ba2e16892ae8ed015cf681d41ae62b3d43fb2aeaf4d81bf48789c173241ccce8fb0469c61f47cb67db0a3efcd9f2fcf5a6e7de1ce6917d8ef0fe295c848427fb49013356ab78cf02e7a8ac0968f1db68fa1938adf46e4290c4cfdea4f15ecc896808c290e3564c753b92484ce6a58d8cd4bb8f156247d1925af03e7f0753e609ebf5573a081694c4a274395003785d3776e6ae433f49f4710da73bf987d22e21df7919a6317835396e129c47b26bb08b49e621a6061cb2cab551d7c122f534187e07ffe05a0ea5c72188461204a7e2d2c7aff5b768990c0b4796327556f4080d8893d7e53dfc73fcdbf4868e4622277570daedee8e686ff15ac20c4c07c20aa29278041a698fb4eabeba62676523df59c3fcff0791d186e1606ac90bbe6f67aa8a585ec72e403b365864b871b85937a0cf0a810bff88c8cde2d21756ddae9f887490b041c82e6b0a471253cb27d6741ac96812ac9924e1015ae1ea9f27e293a715a6edc7b9bbb27f57f565103ce90767f0cd62a371f80a192868f35a06c39689dbbee98ca79e9e98582fbc7f4cd51e2b450f84877c5139a033f747608067c2d9fa9b9bd63a6731827b2acaf004c9d0b0ec3200c430bcb4048bbff39a74993ba89cfb09d516e50b5244d48ec67157798cb5936b8ed0baebebeec53449ef34db5d1e4cac805290142db2c44082945959532e1df18ace2e45790dcb1d8dceb72a06494fa3e28221f2fecfd3cf908b9444e705a9290a9568fa07801b51d0b22d6a43b8a496175681ba2647e48a32ddb5de930086321ccbcf1c370b6ee8e5874324baa70d953cff60a59e344ea9dd1584c72f38f89acd0bb94cedbd2047fee9876a055b0cbce93e0d7305e1255dd1e4cad6d27c044899277285c5fde09d0a11e3c38d15d60dabf101ad291b0ef777ac24f00aace5c89611006a21ca1888bfcff6fda938a3110f65032a93d43616321a1d5db477dbe0c36b5ab3bc35627d830c1b4543666f226e110ca6098c32a1078c1df79d1646d971a47233c3f51fca50f85107c13932d40039f8dec9721de0d7aa2f95a64c05224051a5853581b4e3c58ae8539e1522226b55fa5d0ab707aba51618f91c3ea6e7d36ae45462f72054406cdbd712b0ad0bf739f09b139504f226b7e9f7d9734938d7a9ce918cbefbe00e09a4575e1af2f3addd00e53d3aafb69801201fd285dd581a18ad92dc699cabf075bfc305f30a5151186354727587a7747aefdfc23005567b8c3200803615acc5cb6bdff932e66538179776dc2feab31162cd0eb7d0b6dc56c4c1c301dec3101e3a1d7d23e7925257a1e081f859605477aa7824b05faaa2e2c3a697ca4824330295c721d76765380b2482d56736771980d38afcabc0191d872c83fa1d3ba260bdb5a4859d05a587141fec6084f31f64db3927b5c0bd3ebae3e10ce5abc277d28cef0daadfa2daf124de11e688231c8f6f7b76c5b2bcfebdac7bd3278d01a63f5edd6264a53ee4b1b032a0fc4f0ff2104f65008cd9338a54f3a92c5ed7f68bc197f3082c290a48674ac750bd8bc0acfe5270055679402200cc3d04da73fdeff98fa270862d5246d9d3710ecb6d22679cd7c69dbf332657a99f24e8f393fc54a8396b3f89990e5d37be8bc93d1df8693c9cbbb78ce29747a3fb5a996eae5fcc9fa31ae71fd6265361e462485c653462d4f74a0613764971991d645a7935a5bbc576e14566ebb94e92c4e5341a881685e08727141618f62bcef596a7bfa532e2ae8d673a33eb8bccdcc02eb237694f3c0c100e530c23764474a5b9f85ae209ce8ada4f18e01c39e29543fc25000c86b073448ee5760a43bd09e4eea1f6bf10840d5d92b210cc330d80e5d7ac7c8c0fbbf1d5317364a8c6529219d3bd6f159fed1b70da45b5cc0509cc16598d75e0bba2eb7ce54d9d53ae3cd7de3445c3ce7eac3e67798f74207e275f84af6d3d9b85b2c4ed02e62055b5210dbad7ab34ec3a479feddfe2b17831c7b8a966ed4a0be7ab56b16583ad2be220d886010264732a65554d2dbcec5e93ab9cb707f3c69a48f9f76bc0e7ba34d99dafabea726c5b21536f23e27a5488c1340b9a894c144ccb59021f32ad8b2ca2f8b55d8c234a649175da857e51ec3a5f74ac1356a679fc076d123a6f57ad84f00a6ce0587411886a15d29dcffac68304d8884c576d29d011af7633f0fd7ef504bbcba4dd5ada1dd96cb2580469cac7e103501f89695ae327860bf07c2388b488eb8cc8e577ee388bc33f2e7b3ce1e1bb906c0155ecd93b2b7242098e623ea4317ddc3a81c01aba0d3ad93a7eea926eaada65c16981f692d1c8f86d2cca36db9aac140a066c5987d47b0c8c27f73621aed9fdf99b65fc4b9362247cda68211f1c21c296c1f0aeb227dbe8987f45ad534ffd7475a637416a5baf4b56a4a745cccd77eee725b7dcc4700a6ce2587611006a280d3aebae9fdef99645192f6cd18e805220524fc1bcfdb16d07d716fd71af8f04375e39d7aacfee179afb40aa0694d164b92c225b2972243a3df0f3fc3f14848c3e3ccd8112a15bc9d3cac5872dd3c07dd70484c70778d259454b439f89ee0b3bc940a0170d86ef36dc66bc561c1ce20a12c969246d96cdc130122852235298af847d741a3c54582f27a5bdc46cff773f4b2e3ae89bce4b243341d0de6963121a596856877c8ee4f76ded24c9716e99eea0d836d34df8d96c3fbe44eb7b2386cb5a4c741d6a4c9aaf6d3dbe7f3cc097d0560eadc5618068120ba4643a1afa185feff0fa679486f24d6999d159fc520122fbbeb9c29fd61d5b0ff464c98e434ce9b5a1ac04653ececbe05907380d52733b59f586e9e306c930ce60fc68806d44f030928cb5e0b4fc9c92463d3593455056512a8e25b882da55134b15be9b6ce3631599495ee70c6ac54e0ec75c64c1da55765d0d7197c1702153d7f3adb513e5c7dc0bcddae0f5b963b27f3b9aeb66d1bb53307790828e27f790b4967ed1e5dfc6166e103a00b6d47c2dec29dd71bca313ceb74163c2157214f905305397b116396eae3cdb9db7ad9609551cf306f4ff61780ab6b59411806829b6e2f7a11f1aae0ff7f9ad81ea40fc192e8cc4e42f1d45b290d693ab3f3e8f35fed70d9f59690a1509aa35748507d19f5107657a0e1165671ec10c0981c45a7f83a8389e928b27b2b916b578c9dadc92aebbd2c06092c44e582ba08ea2e429938616968adf0c50196f02748fd2ca9b992bdc56527c565bb9412e44ab1600cb83892fa0b1626d94a4f68e17cf474bed8f576e7b383e09f969938141ed18d26dd4fec92225350a7c06535261d0087d07346e503dcdaab8dc364cfc7cb86df755e021598559226b73a63fa9e70be82fbf25e22724545d56c2039b5bf0270752e4808c23010cdb495c151e4fe971451f08385d84dd63ae311daf4b74df625e91fad78abada042e5157b65592619aaf155ee6dbf4978648926e0d4d1d12b28ee12be66737078bdb06a7ea5f2579a4dd5400ec182619992af525247af28bf17030382d5faa34c7afa0a81802c3164a7fa478706d7b381d67118895370c224260dc985046f8a69d29da7cfcaccc07cb4703960c776875efaee64f3b16f410d3bdabda80457ac36fe776dce13893ec758604e6ecbc905cba26d88ec102904f5328c329c6f3215f9b3bc726d486ef688f2929ea7bb5cc7d9fcabcf479177b1610b67dae5791227e36a6cf21180a9b3494118868270fa9a141457822b17deff5ea254dc7521489b9af9a97a85267d249399f9325f07be80973f38e77655e994d38c75d3548be77655b0d62393a199b6d03a8028840bbb3f22e3443d54138c9c7c62950ca1a50aee064d5b031d80827357424cb9608b1bb370fa43758b09af2a880aff01b49d3b1aee119b550f4a51c057923eb2e3114a6101be8a0f146e0fd3881bc8cd842505a4dddd614fa3181e1c28b2a337705d7ef1039ac63a41d01dd1a0dbd09573dc5c90e74a61440207aee329d2f9e2fa563ffd5557c0cc735bc8e94577c4787fa6dbf591c6b18df7e94d21061e5b6c38082c242d40bce86bfa08c0d3b9eb30080341f0fc4051feffff42942256e8dca48911f13ea0a302816c0cb7be997a7df41c9717d7eaa89d1bb4b826a10292d5be864b0af1a551489cb5c24773c595a4e3865958c75ed222736d38a4c543466bdd7ef8a73d4cfd222ac666a26192490acfb2cc73d07090bd49ec372e0a07dd27b7bbf2d05c0c8510cb4e8c85c4e581a98ac9d50b04a8e8fde420d2875175eb7d32e9198508c468ac369d6a27ab2830133918511112de534238467220592f42edc0515625c3e175705c25b4634457d4497eda2b50cf66efcdfcbdfbf61edbfb13ebf3158fb5456b7dcee4c1375e35c59991db5c78ff023075c63a08c3400c4d9a84850658f8ff4f03a90bca0780101550db67c41ca943a35e738efdae72e38c18f5c378bc7c0a50589443ac935b8935be3c112fe9dc7bc9b729fe80f8374a37616d65c9c5a1c29c1b5e87c54c2b9ba0f1b21a84648ae74dde1988f40f99c58c4892b9c4a322a28cd2b1d6688794afa8fc2204061cd2f11dd60b26a911d503c811444b8ae35a2b21abb09270836483011913f2a5397d9e3a38c501103261619bd318fe4179defd8dbacad193e76cc469d1fc4dfce7abbc5453b4181f20cdc1d1ddaa4d9ff7693ef67438f7adf73da5e5724bcb75a431eeb459be192d1405ec2b005167ac83300c0351370d6ac950044bffffaf2a46a47e0162004a20776797a943a756b1159fcfcff90ff04a6e6b44975fd34da50c36b80b1c168c17713175ff089511c63441d9cf133923aa655db0d4216c6f3ed3191cf2afef704e16d3c9ae7ff6953060e1dee4006c6fd82c36fd57021ed0d3cb019a022c034661ac9d6a51a67516b100cd5c0b7e53f418015c3cc89649be11cc5f9dd78bdedaab558703b81af01c005ecad482375e726887ec958d609fcc8cb24cc6816aedccb4ddbba0af3dd87567e2c59e98d8c4f7f15e7117aa7d8c82306074ef482de35ce6d98ea53d4f939da7d1aecb6ab7f56e8fa7086138483f0198baa215048120b87a1e1814a9a4f4d643ffff53d15b053d04a2a4d7ceec6a0a3edf21e7deeceecc6ce173c12cac82fba26065bf8bd276b5c6f5234fe9ebf19667dfb34ce753c7bdc33091414435f1689b89f4d0a3a284a000334922ec36a11836a75d438c0ba40ee67089f60ea7fb64c94311dc28a3ad03495c6e690f5ea8ebe6e2ab6b95043e16266dde66e668757978dd8e46692c313b53ff5efaf839396df2925cc8ade5c76c0834b761208839548d74dd59eaa63274ab0786952d30eedd678f402d4f2bdb2f78352a89ac25bfe4b9baa4b4d6586563ccf417a4cdb2e91992658f080589a164f0d53dc9e56a57e0a8dfff76ff50795eeae1fe09c0d4d5ee2008c3c00e9c828021f82da0beffc3f9430389910dd76b411f80ec076d77edae7778e2c01d183e5a85a8af4a4b7553d1f9de50be29424fd563a1465a95497746f61407e7d5806c44a95a6709f83842b774d485263b207e64b8501245c890d1178240f552796b9885e5b94cf33dc8837036a871ce2ae0e2a5a2373d1face19a525915c844f86bb29531b4652dca5aac606654c952b819f01946a823f8c1aa3da41db920c39059cb6881e0489314b6c9f96147a7e385daf686957b61f2c7c00dde0b7861b63cb45e4752e3d4781e464c0372af33e8681a611af36f2731ab59fed61d756c05af173e6f5096854135b0d986f6f596aeaf9ebaee134aaeb83e7c0560eaec76108461285c547e0c20425089beffe3192f30e884387b4e37e205e192b042d776edf976e836c3cbd4faebf65d2a7d5bc8703be975a54f9f26b70ae0c60d9ada7298a18892291a7cd46dad6eb562f08422fbfcd63cf3f909b06d8de2727345cecd21c5b0fd1501070d1908f2f8e23374a5ab3131a6000c06a6abbc5b282cb1d52c1b637b4d7790529f874833df67346c4a039b0ba4403d60025fd25b182c98cec26ca52f2cbcb7fe0d50e551c12ad460b81363519652aa618f97412acd33399608c3055e36675516d35ac056456f1060a54ceb6215e49fe59df8d0b815f275c3c8af5cee9833aec82e9e0e25768ee503370c72321ba09b1b390fa33ceea34cbace2fe7e5270051d7b283200c04b70d60a00409c5a3f1ffbf4e0f448c81e2ce742b570e0408ddd7ccce500562ba0d727fcc12c70b7d3482f65440e9b10607a0a30fb0f66d08be16df2e3c1573849eba305ea5d3538c3cf45d57a22a344ff96cf2a2889fe3cfe24bcbc146df131b45684595bc919190a4d70fda71032a0fcb190ba875e3c848402e5997452fce7acf418638e9296aa9fd571d675bc342e8305e2ea89b84f3360ef0a14256d76d46f9d10f368804faeec042512390ea61b9504339a20f28a41c519a5a34aac9bccd68460245d4583223fd90228bea8ba14986bdbc392ffd9d999c9ce3551bd8146d3cb71bde99f5e05137388d9e55c20e4da0fa4a8cbdf6aa6fd99f497e025075363b08c24010de56c25f030783311e4c0c07dfffcd8ca26240ac3bbb6dd137684bd86c6767be66dbce517f3ed2a93ff0e6673d285e20b2190b32907c50dd7e47c375e08eee46e3a45412583c0a575305404485749415179e941cabd60af0091050bd78650755f9ea2192d92752d8660911f4b7f85641aaca334d18e3de0695650627883f56d338b02434bef7b84b69053f0f977ec865cad55d54460c22389924494b692ef92fae1d97e9b25edf601176824a7ad8db383cc521a1a44a9235c4a79713e410e334abd816637c7ae72cce297f2ba93464c1ff1b5f98f07f538dc0ea8b16d14f9a45aac4b7518fb24706023a319a065b7023e704acdcb63977b62ffa0a40d415ed2008c3c0aec0d0212fc6189f488cfeff8f693426263042a6bdae8cd7bdd1b1b5bdf5eeeae176a1eb7da0d3f948efe743165f269309495150017af58b84330fbb4c639348909780b4bd044402308ed9fa21c875d9ed6b9aa5e94eb1a2094ce2494e28ae6a141da1b256877573e0f8aa5c8c251bbba082ae18f3b351d9c2dfcf48519a674893fa03448477aa1036435b6f8a1a03f899f83628b75291254e054376f65ca230832a77369a0fdbd0e988c98673ba524de2a702d108e321de67e7c29ff97d32d9e8257311fc75a6cdcb69296ea2f90dc5add6d59a3393db9cdf0bd177ed244c7e8e0dcc28bd6c4665cc902633e6f03da8f015670274da203d3452b44ef41780a9ab6b411008827b22411616410fd14bffffa755505a192a77e6ccce490ffe018fdbdb9d9d8ff27c39593d97496c1e307a6053c01ddf066f60cd9164bcdee9cf4ad309b4ddeb2dbf712e275de3eae9fdaeb2e3a1e2cd793ce75bd520b17270c89ca523f20dc6de102511be3dc6830cfc81a50e1924eaee13ecfd4ad6de5a4abfd90d329e29b11c729e4c837c5b11305ea9bbee65be2baa3fb529ce7e60100fa03b5006c5d2b33f4be14cfea6cd5cffe54c88ee3727171602ef6995261962167b4e214b0e929e12578273a76ab6648265732887eda24399223731b5a9080b2924473d93381627455346d7c04c2630555502bdc2aab09f004c9ddd0e82300c853b745c1013494c8cc6f8fecf0601950022e167f6b41d7acf05c9d6ee74edbeb33ff0f90885360a1870a04fdb4ac1ea533e875835f5bc4b5f5541cda396bced799183cf3872f05e93d31feff8cbf548f75b2e7e5565d952518d543f2729579ca508fc78c60af174cea5781f9a8e3a5c56f3824a9fcf70a6684ef703fca181447beb70142601f05c410b288eea44b06a407f23dd7b51a9103cf1b2c02c969d9ab2e25a4eba25e6b9122380fe3af7897165a150413d41c99442558371b40b86ab0d5b833c1ad1e9b916346a5653fc4e27fd971f87d4dec924e627add0e1d5361d05b73189b4c3b5c877ce8cf6047e28a3aab3fa69ce3a3928436f4151023812be023075862b08c330106eb3559decd7defff10451d1210a83a19db94bd3fa02fdd392a449eebe1e1f68a8a5dccf159529e4708ff3891d8ff97e0b33e4009a3304a0358dd30be5ed1f6afda769d0aa3285e77b21f2f77a79711200a920ac4d4d51b6d1a674d49c77d4f3115a314f4c34244eb64fca7fd3461361ecdfc0f92348db00c7a5424e8081312cd8468d260324f0fb0373261bf0dfbee61c29939658e018eca94ad7accb62a8fc495facf23e2baae85d12e234ba4262e2853949d63d75bdd1e010d918ebb641765e6694b61db1e5fffd81f290b2793f583cb6e8100a1dbef0d39cbe807f3e2ae895c5d84ae9bd71d4ecc1fc04a0ea5a761084816015ab248209c6f0ff7f66e2c144e2c11a0f06297567b65bc205c2155ab6b33b8f1dbc0928711bd535f9d45d98523bdcae2e3cef4c87fdbc022d6426c16ad0ff80418e8c48c00de0d3e111048f8eee1dbeecfe7b29d26deb892f31d3abe57e86b79dc0092007cadf7e958ba8ab93b2e6f56c5791ae8fddc9d2ecb7ca3e4bda8fe5b849562614675ddfcb026914dba18641a81835293d99142fc7191ae1caad5e6c5a622572aac2cca863b5fb3ed68d3becb32e2599cbfba6e465db8e4b8568530688ab67fbc1cee59a16d2accd8a63cc661e6612a26793c40c35fda02a0e5297316c3c5a92a304420b9b3b4b7f01b83ab71d0461208836582f410810fcffaf33263c1835511142a89dd9694d7ce78985bd4d3bc743394f2a08323ce0dd730cf06d38bbc7f5423b97f1894e2ece9cb037596636425be973c3fdc58ba8301b42caa86aef9af6e0daaee4e8728cb5b43fd5b1a656ec2621fd8c6f4b51983921ede0c51bda6267bea988e0de6e73d94ed53b8921fc38caae711d88429c6be53527aa4f10ab997f2483b78a5152fcbdf80cd1c8e90d1bab09f5120b14949a8dcfa482a495079976a49311d9d948677e28ac075b8014e117b3a4f915f9291d0a5f93498590534aa3a41931988b993593ab66482ade02ff4cd454e9c8a95efa2b005357bbc3200803c139b34f34dbb2f77fc0652346435ca6acd796aa89bf9500a557ae7735bc26f7b548a96168ccd1c10aa190344e105a9af87c4cc93330c520405646113a52581d0780f9995379647f07c288579ac8ee19b82213c2c9b5f462107da410fceaddfb33b8486017f687f8ea11eeec74467b56ad12bb089e14745083d2983518d27f36948a37edcd5dee0f824667f3321105666596566e03d6373252d930faeabe9b0bf93bab166d925b185c28573b13abe2a56056cbd91c0be4a6d86bb85e5632f3222e7ba540ec35c132c4a20db4599916c2b99d3974e208e32e3b75381409f51fef4c54d078877e25d416d9523c7f01a8bab61c046120b8d026a035f1fe57f4a3a00dfa438b9d7d892720a1d9eeee741e71bcdc19c2baa68971c06dcdb4e6855e05067b813e1587bab303142629e8faa989833348c2203447456de6d42bb1f74689ca906be1990b2d8fc26c3d1842c07b1682a1f7a6d867af5ca42560f946930fec47175912301e93e83da192021e8a4936ddfa383eb33009cbbf645acbe11bf97030cbeca60fedc11c224fd418a7356a003689bd1bbe87ff81e127e88d45ea7c69aaace1fca07ffcaadc0370247043b497d61f0d77d56da8693e9a0fc54e03d18dc4ab550e5402df76e7e056f6c8ad7ffdf72b00535792c2300c0325489342167ae8a1b7feff6539b410ba4243906bcdc8260f30c47622cb99ad192e57e6899c467896df9717c0d0c7f224f3ce36343f2b3c6e1487feef6bb0f8a2c4cc00b6f6532eade75ec6a9c51b759b17593f2b37fd4d57496f2afae1c84e79638666db11c291982041e886cd0a1a59033bbdcb2555fda29fc76eb1fe0ca73980b7aa125c8a4284daa1266a1a4cc2ddafb4e2c218bbe35f9f1b2d7aa5f28ae273d27a3734ca0009c9d6f135653095f421a9897e957186c70a6153a26837455471494e81f70fd616190bb457150900dc421f4bcf3d8ba4240bc94752a9199c7f01a8ba9615846120984445ac68c107faffbfa5d083882078f154da9235b33b4de23db792e966667666d99caf69e839e8a3fa73bfb9ae7bb9e7e36dbb1f6816128b8c511809163c3fea986c6003051ff19bfb6393069390203741ef1729cbbd4684e329a034179c08a0dcd61bdb03197a2a020623680082f6090d2f04cb8cc58d40c223daf676a78b5ba50f3a44472398b0e3734198938a79f17fcb50457792925b579d575e788cfa0f42a3c2b66d6d5f2617a07b1ad924d374a58c91eccdec5acc4e3a29657039248be7bdd48bf08c7625f07b23e7275a7862757b551087d360323e58e67622ce553f0198ba761d846118e8a625082436104bffff671033426261072402844a5531b17d0ecc5deb53cebe47774be5354b89f2f542a7fd8ece8723bdd34b6512e2261ee186320b994b063db6bb2b532d214a51a980d0892c72febb1c73476b182af4242ea3ee476788384570ad4285d42f4e2d43801cd4751ce09a16da140aa4aed61bdaf63d2d0a274e39d3e3999517cbc3a09d1b8c7a03afa9247eb0e71a27bf0d32ec0184d235a51eaaa697d281413d265122d2e404e79d438d59019a0acca1b6f4d60d8d83eddff18351a0fe81df94bd160ad35afb4927a82bf09d31715aee33d90faf8a06b41232b2096d53644b0ac185af004c5dcb0ac23010dc6805bd0822d4ffff264fea41f1e6412982176992667627d91c0ba5b4694b7676e731dc6f4fc595d3e32aafcb597eef8ff628b5b9fc8ffca5a5490888cacac3dadc11b0037b093a3530ddd56288162c6a6ec4d69a4a0256c13e8cc8f45c2eae906c65b8306a7707c01e89efdbfda11453a31c4fa34e4986e96bced1a52a868e2514ec6a7664b9918adbaa06e3df0807c39530ec7ba7693dacb2b6ea10c73bc47bac373c2171b184d7f20a583ad0913b3540eee88e351f4c38d39c6372cc693a789a329207c40cb1ccb4c0fa421124601daad929afc919fdb89f4500a6ae6805611806a6db6093818affff633eca50f4c59755848e567369cefa0183addda5c93577191eb7bbacd745d6cb59f2eb690dcbe841c5388ccdb244674abc91be14cf18c18ae07b71690c371218046ea12998801020066114d75ef6d050c5b1d0a9202c682dd7cd7ba8203474bcab0112e82d4563dfcfe69580a908c7d3c1bc0b769a00a534caa8888d3156974abc19cc31fc9c0a5db33f65ab7c2df85b31c2438fd9a85178360827c964fcede4b2faba491c20c35b8eff0ef30fa7e9516a219d6bbc5a395b3733ffca90e2941fcd108503d43dc9c98e4621e24b2b61f813844229808b8a740dbe025075762b08c330148e55d03298c3bdff2bfa5b10b1ed4c4e4e5bbcdcd5c62069729a93cfd87652d255727aba967888581ef485e2e39216a2aa09c0a4e2f8484b456103557fa32d2db8365649af735ca316409fe6d5766e48d088b34bd6608a504efabeb74645062b332e2bc06d719ee46c3de532cb144f30f5d8393e69dabedd1f7a36bf245f56704d02959a31f723a35ddfb5bb58f943bce1d9ce74330cdb3e40fd89311ec12cb34abb228585bee458e88eebedc53630888176452ea4ed3348ed9b0a3d2960758a672e675c545a19686928749873506ce32af36e34e63494f7e06c7ef72ed4ff04a0ea0c76100681200ab4319a6a0d97468d3713ffffc78c46931a6d59647756285fc0a1c0769737336d3b8f4cd9a85b87c39b59844739761a145630c40d7990e91ab3d05a36124f2cf3c3a020090b5d058e9a911932a9229a6be68a67bf9dece6effb9936c42851c1bbe160ce97ab198e27391d1c16ead335baef7ba9e1bceeb6b3c6fb5416eeb7d4ea3c52cbf4121c92114c6029e504a90ab67edccfd43e6994a1450ad1f40117bb59cb6022e612e10a84655d694fa986c7ad5ac719359928f400557593d487206a8f4901315cf88094cd27a50d99e0f8422a798759cc62cdff6f828e267f023075362b08c340109e562b5841102f157aec412fe2fbbf8ff873d46221a48dd9d94d9b37280df9d99dd96fd69fc71dc3b7e7389dacb55cfb92632c5e1ae70d60c8448258bc134a53b20694c29e57a91759a8327ab2d225d401a7ab2dc1e43c4910ac8362289aa1077e71c7c26155d7d8b71ddaeb0dddf98253d360cb6c13c7ef296d605614894db5a370fc7cbd63293150e5398c473ada29811576d44d7330e1ccdd29b251e760176760cfd391ab479e4f7c39074b5f983d4a99a76889fec96bccecc159ea064032934f4973d626006cb646fe15c96224b968ae0a2d9326c6f371c866c16888746f0b9a54a8650443b97dc05f00a6aeae05611806a6b23915f44111045f7cf0ffff340551cab01fcb5ddaaeec7d0cd23597e47237fc5e6ff15fcf978dfa27ece012041e8f0629283225d20238c11e06ae1cccf9a0e2812603a8183e11dda2b44046e4e2cd681c57eafbd464dda148470996644c05342dae77393d9e325d6e12355f7a2ab98d44951c39956348ff4afd9ebd06733a9e156c7d648e264bb375d6525f5b01b941feb2d0d64acba615cf746442fe08e64091e2c33a5794ae8d5a8dd673b9baabb15ebf4a594a0fbad0a622b854ebcb5cfbad89692790a43573f214e91a5f28a5ce34efd3df5c904ca525b43969ee2d0c364ed647641180aa2b5a411886812d3a5b0b0e74137cf3ffff4e194cac2533b924157fa0a30b5c7bcde50e4688ad2a048a175d8296868117c9736fbcbf8adb51198bca21e8854d1f4b0eb43f840ff1c561a9088b196205c917a3083287ad9ea86ee78ef433c779626e7bc2cb4f1a2fa1dceecc53272ede2e2ccf070c0b45a19e1343afa819f85ba22a10430c815e4a25e4f335acbcd1951841b830d9a694a3c16bff71ae888b9e02bbf562205db0a925aac839a54b22701e3db3c9dc579cebf9a08e73d43ffca61f975498d20e8a3a58ba7fbd4d56b78a42d6aa99dcf08440af74000aaa58ac75798a8ac56d8dce7cb63ee4e5a31b5f01b8bab61d0461183ac2304e5cc40463e217e8ff7f980f6a4491d59eb673e003e19d8eedb43b178f3f4608c5b0b26e14d94cc9d2e184ee01e5d6dbb56eabde78b63ad1d8a317abb8e0f41a78bbe5477cdd6b9dc8c8f8ec63c0409117c674bbc3d19d2e67d7f5bd20c6159f8d88858ab153e37fb870a1e77bc02ffde96efc6e3781011068928ddc6502f5ade3de8ddc0f5f7907b97341034058eded83a632944dc94852d5ac9005b888ae033ef3c934a6decf80cdd28be74f2cf74b5fc8f23bb2b055cafad63c095ad8f5188768d4545da4f50ef0bbc585426885954f56f46c41a77a9c127a4a76019f5b18b283f32b0053d7b683200c43cb64ea488cfae883263ef8ff7fa631389520a93d6d3778248484cbb676877369e1db03b22f3e40ebeceba93163449c5b93a12c882c54ff70e439a299913bdb468b1b0e0c67e84195d631182d5f3345a9c414bb7e3075743c5de87cbda94f0fcb355166c20e4c3858ce78eef2be73761d5974304a40ffca747f7cf501d41246eaf4077632b2b7cdd2291f505d233b284e96c1a5215b05cc76723115f88d54783bfeb20c1eb32a4d203437b6f4567487560bbadc1ce0bd6843e4d0e89748376367d1d50ac7a182faecd27d151a69673b2a84faee9fb2320cb491779c34ffc6dc41cb7f4e5ba2a7792be2b5b5caee7d16ff05e0ea5c76100462283a3c444c88115c1affffefdc10894167c69eb683c42d0b86b0e8f4b6bda7ed7118721d75258b792ab48c6519dca1ef4ca6acf05617d1600643a46d85e194bbb5ab9cbcc15233913114ec190466008a56bbde231cc60ccef912c6db5d74e314f2fa84f56212045d4762559b4590595836ecf067715bb3b7ebf3b2d1c65c551b778ea48df1cbc73c87eb34ea882459b79a93326eb5f7d6e0fd1124d3967136722eb4943591d49d422f52a9d177183f3d3a67c791487e49a6bf94a738b5770b789285e7ec1b1b7334de6ec1b42a35da09d55afe54cdbc28a69536602bdf50c275f1e269a88ec95770edaa1ec1ed7ff2f02b0053d7b682201044c72b06e25a9414f450ffff6f6609b612aecd9c992d5f056119679dcb3933272f1b97251cf7d82cca623102136ec6a2622df35b242ff8c55d02faa2a4d1af7ed48155311ee982402efff883eb81a1ae23ce043119f6fad6d1f976a7ee7a51ed2c3e48c599a3732d288e71f45c3149ed57625047f053bec1b28ba7aa6b34dd53d02145fbaba0c734523f0cf43c9ee85034788ef8238b2032ddd949b62727a20b4a4c23c06e7e6543923815c7f07d47a1acc14a446d0ab43f58d1fee7b5fe40e610ebd6d8583779e175d9b4284c4c3da844884c017c8c3ceda1acebb9bc9a8121a739e723c504ddb5dcc63468131d96a8026ff5a94af7d9af36acd95700a6ae2d056118086e9a522b552afaa19f2a88f7bf988806ed43a33bb349e9054a48e8eeec6366cab2696b19821bba074dd8e2608916b33d7481008e72c227d92751bac3f3c5b092492be81461abae0f9af33e0535e5100a71998bf54af6e7931caf17d9c1d249430bd63db0c8bbc41e8fb7a46f6c613b3de45185fed03d0f5c837a074b25907192dad661bb91b10b1cafddb5bc32dadda869a020322f937f884b3925e6f5469a9d3a02a89b5e66d05fa55140e69b56de11926a2606451f2e1f6773c7481dbc9f494e5a973643e57979926bcda90f2b13a8e1eac7689af1003f78d00e86b01a79aa4a1fb5ee8d83e94d635066283c0fcabfa625cbfb89dcdf8d4ebf5fff0560ea0c7610848120da5254423028261ee4aaffff595e38a99580b66b7776db78e300840bddedce745e6d776d646f0f51ad58a52f4acb8a9c9f15cb6dd36ea40ed68211b49504f8326e985dea0e5c0dc24781b545721cbd62c36eea5ebbcb68c6dbd50cc73eddbbe0ef6fba437a6f0767b9d5881a6b7316893ac55581e059b1735b351b0bc89bc5e3f3d08324f4f06ff3f24f332f7bed3c2d949dad13798d9d7fa1502132c581d273dedca7c9f8d43d9f68802233730855904c57f88f9c8005706aab84764410f238e4cf85982b6271d5451db2877cadcbad98b23e0a9a135990992a2bf69401ea141f4a26ca6596fe06f4b6906d493349d3d6c5626e0b637a8c3f0198ba9615066120e82382d043a1d0ffffb4427f40e8a1484bb29dc7c67a31474d7437666677a660b37d44e091f0d713cc00d879f1173b4638e5310896b508e6920f0d22a5959050b0b5dc0df8cea9caa88f36d5283979f290f4b5bc228ada0787fcd73e5c6e77359db28b4b8b93c6d85ae2b04da2858427559e9794e7527619ec2b3961026c9f23f738be238bb6eb413a7f534c78656fa4fa35ed04ab26a4e6b3e9b6213de32824069fceb7bbed965d5ce58c442a4c6435c784f45c07bbf8454d5555ac126aec3ab227a2d9d8c1df0c7ce8f86c4aafb6e83a78f5707def15f227d4d7a3815edd8b7b24d668c6954eef08cd78fe041800900a57bf627f54b90000000049454e44ae426082, '', 'technical');
INSERT INTO `club_60_members` (`name`, `regno`, `email`, `mobno`, `id`, `dob`, `address`, `gender`, `photo`, `status`, `department`) VALUES
('Maria Yusuf', '12BIF0045', '', '', 123, '0000-00-00', '', '', '', 'active', 'management'),
('Shamvil Raza', '13BCE0395', '', '', 124, '0000-00-00', '', '', '', 'active', 'technical'),
('Prerit Kimtani', '14MCA0146', '', '', 125, '0000-00-00', '', '', '', 'active', 'technical'),
('Tetali Chitanya', '13BCE0267', '', '', 126, '0000-00-00', '', '', '', 'active', 'technical'),
('Piyush Sukhla', '12BIT0108', '', '', 127, '0000-00-00', '', '', '', 'active', 'technical'),
('Sarthak Saxena', '12BIT0224', '', '', 128, '0000-00-00', '', '', '', 'active', 'technical'),
('Arjun Wadhwa', '13BCB0062', '', '', 129, '0000-00-00', '', '', '', 'active', 'management'),
('Sauraj Babu', '13BAM0032', '', '', 130, '0000-00-00', '', '', '', 'active', 'design'),
('Sahil Narula', '12BCE0416', '', '', 131, '0000-00-00', '', '', '', 'active', 'technical'),
('Sourabh Parmar', '12BIT0106', '', '', 132, '0000-00-00', '', '', '', 'active', 'technical'),
('Amulya V Bhat', '13BCE0557', '', '', 133, '0000-00-00', '', '', '', 'active', 'management'),
('Anshika Parihar', '13BEC0031', '', '', 134, '0000-00-00', '', '', '', 'active', 'management'),
('Shreyash Sourabh', '13BEC0145', '', '', 135, '0000-00-00', '', '', '', 'active', 'management'),
('Shreyansh Srivastava', '13BCE0346', '', '', 136, '0000-00-00', '', '', '', 'active', 'technical'),
('Rohan Choudary', '13BCE0662', '', '', 137, '0000-00-00', '', '', '', 'active', 'design'),
('Namit Juneja', '13BEC0490', '', '', 138, '0000-00-00', '', '', '', 'active', 'technical'),
('Darshan Mehta', '13BCE0258', '', '', 139, '0000-00-00', '', '', '', 'active', 'technical'),
('S Rajalakshmi', '12MSE0363', '', '', 140, '0000-00-00', '', '', '', 'active', 'technical'),
('Anurag Tiwari', '13MSE0350', '', '', 141, '0000-00-00', '', '', '', 'active', 'design'),
('Amit Kumar Rai', '13BCE0740', '', '', 142, '0000-00-00', '', '', '', 'active', 'design'),
('Priyam Tejaswin', '12BCE0548', '', '', 143, '0000-00-00', '', '', '', 'active', 'technical'),
('Tazy Khan', '12BIT0170', '', '', 144, '0000-00-00', '', '', '', 'active', 'technical'),
('Shwetha Shaw', '14MCA0164', '', '', 145, '0000-00-00', '', '', '', 'active', 'management'),
('Kevin Antony', '13BAM0009', '', '', 146, '0000-00-00', '', '', '', 'active', 'design'),
('Daksh Asija', '13BIT0168', '', '', 147, '0000-00-00', '', '', '', 'active', 'technical'),
('Rahul Chowdary', '13BCE0619', '', '', 148, '0000-00-00', '', '', '', 'active', 'technical'),
('Nikhil Verma', '13BCE0037', '', '', 149, '0000-00-00', '', '', '', 'active', 'deisgn'),
('Ankit Singh', '12BCE0455', '', '90887591918', 150, '1994-01-16', 'vit university', 'Male', 0x4749463839618700a10070000021f904010000fc002c000000008700a100870000000000330000660000990000cc0000ff002b00002b33002b66002b99002bcc002bff0055000055330055660055990055cc0055ff0080000080330080660080990080cc0080ff00aa0000aa3300aa6600aa9900aacc00aaff00d50000d53300d56600d59900d5cc00d5ff00ff0000ff3300ff6600ff9900ffcc00ffff3300003300333300663300993300cc3300ff332b00332b33332b66332b99332bcc332bff3355003355333355663355993355cc3355ff3380003380333380663380993380cc3380ff33aa0033aa3333aa6633aa9933aacc33aaff33d50033d53333d56633d59933d5cc33d5ff33ff0033ff3333ff6633ff9933ffcc33ffff6600006600336600666600996600cc6600ff662b00662b33662b66662b99662bcc662bff6655006655336655666655996655cc6655ff6680006680336680666680996680cc6680ff66aa0066aa3366aa6666aa9966aacc66aaff66d50066d53366d56666d59966d5cc66d5ff66ff0066ff3366ff6666ff9966ffcc66ffff9900009900339900669900999900cc9900ff992b00992b33992b66992b99992bcc992bff9955009955339955669955999955cc9955ff9980009980339980669980999980cc9980ff99aa0099aa3399aa6699aa9999aacc99aaff99d50099d53399d56699d59999d5cc99d5ff99ff0099ff3399ff6699ff9999ffcc99ffffcc0000cc0033cc0066cc0099cc00cccc00ffcc2b00cc2b33cc2b66cc2b99cc2bcccc2bffcc5500cc5533cc5566cc5599cc55cccc55ffcc8000cc8033cc8066cc8099cc80cccc80ffccaa00ccaa33ccaa66ccaa99ccaaccccaaffccd500ccd533ccd566ccd599ccd5ccccd5ffccff00ccff33ccff66ccff99ccffccccffffff0000ff0033ff0066ff0099ff00ccff00ffff2b00ff2b33ff2b66ff2b99ff2bccff2bffff5500ff5533ff5566ff5599ff55ccff55ffff8000ff8033ff8066ff8099ff80ccff80ffffaa00ffaa33ffaa66ffaa99ffaaccffaaffffd500ffd533ffd566ffd599ffd5ccffd5ffffff00ffff33ffff66ffff99ffffccffffff00000000000000000000000008ff000dc4503150c58d1500120e2c18c30641032b20c25021d000411507601ca01803000c182b26c610082380481831429a2408b224cb18136fb8dc38f2e540942f717e8419b2658c8c08759a0c69f3c08a8c18454684e11140c7911335527c8812804093102da29c09c3e2c006111702b091712853a91f599aec0af3404a852a105a5508d280ce9e3d9de205e9b42b519a464b6e8df1d4e2d5921b35ae6080f0e6d18e4c016054c114e6d41b925b860cfa906ad8aa8293861ce8d6a05398a8291366092000659f9ad1aeb69c9630ced438ed8ef67971a1618a2e759bf4587364dfad008ed68db8c2465f81c09bf7066963650cc620613ae578d16262a4679b1affb5bb70e76ed56aa3520ee914c00df419b71fe46937c0d3ca563747bdb93d61fb1503d9351972e599b411032a60f5516231acf4515f308904196adb1da5820d2aa9401c7a032d96d36bf4ada6930a2c11d4d7453b65c5dd461225655683952528985d75a9f614552606086076555996d28d1b2dd59c47441114c37b2539a7a140995186dd5d0bbd161548946d0891435625e59264599d05e0458951141189281990d04743b917577852a5e49501266977e340dbd148927b927954a26555d217806e1802d512893e46b502a1591ac0027489d549d4577975981500193d75009165c695509cd435a51d68ed4d349998364465d8982cb434134c7f22349544128dff29d97d9d09b65573965d3ad5a744e1975b725ad9379101a762881f89c349768099ba3169a24b1d8d59e962ecc1049153108d74139c82e929d8623c3126d15893c109dc7682c1f81f6582269765477152e45a595d61d494905a6dcad47be49988e850f5c9a89d1604b1979f5f2e3d2827412bd5a7d85c549a3926539a4ee4d1462b4188e25a934584adbf076811aa8c4db96651954c3506eb641b71999d7f1db1cc9445ed119b6eb9f2e2c75c64dd4e8c94c98ec6c8e4463459645f426242c4d27755caca7353338f39d95ccce9e6d1bc2452cd25000df877ad9926fd39afab739d6a66551419762ccd1d25b4510329431451d8604776838eef4a6c95d2255dffcda28644cbdb9a60c3e1dd767b73c54cec0a7f021bc0e0e626eadfcc40e727d9e392c9d577db66528a78e4fe859ee7e8fe51e4d4df10274433cdba9aabeba5979f297a6b673e7e2dc587634e7a53b3bb36bbea08e96e58e3ba4ffebb8670c944a142098511867f98dbfb3bf1bf7badecec74968e74f5a577ae7a0c613c1e831802cd0700032c9c4e85f77259557c9628bdf7780054cce53e1a686422460c5c6086c324cad0c430d0d00b34e000076248200c88a10c9484610b0090c10dc4a00c341c6e126190842462c08830c4c082c8f3cf30c2d7087dd00314fa904426f4c70849f4e0169810c30d24a18c3028231361a04732f4314119a2410c28c9c408ff7b98c004f6107f62080302cf50441926f1068c50c80d6e20833024f07f0994c432e8310919aee0065b48090c7060453104e06e611c931830b882356682895b788332307100316c410c92e8c53e7038063024f07994025f1293080d7a10631ef480c63ee6910c681c7218f398c430f6318c64b44319c2c0e4305a92c0be84011338204846a638ac94789038b671604a027006853cca22778381183231894c48621269e84526d290c02eee6f7c62a8220e58b538f73c300c55bca318e2029330b8038fe323880d8ea4a183c0c0832a10c308d7288c64dc60119208c33054b88845382f0cfac884166e8909d4dc200d3048150735821a0f120635aa8ad03d09e3ff11089e0625a9018018622809011223133144032e7f38c52d08649f77230c746410031944821850c4814732418f710ae33dd60c83916605832a5e53121f99a04831c1089468010d0f548115d5290961e8a31d0d3248f8e2e7410f82c4793c518f5bb2639b66c20082c102e80dc24006343422139a10a2266a294949147195fcdce73d0194918928740530f5e02c6dd0884d86012500a226d764dad2a06ee19ce083c10d0c808945d860110d118624cc794cb93a050798118991006a80b70ec69af82ccf60032918b15a110d6990043188918c6510238191dddf0423fa9403da270c976a106146f3d6826848ae0bd1274e5403912d5c93445084eb1654c0c543ff856412c29065387712832dbc6769bc6d896f476393c4f2e82d410510a56e73a41fae7085be0c0317c417030472818c5d0c8005c157ddad9c15263730966f8bfaabd10e8620674d2261640280110ec6068c58a6f3bee84e15740da04ef1a92c4fc213caf4e642b88a0c463af29ed1dc670cb49cc42488f143f0c9203b5bc081240220434ae80f078dc0015805e91431fc334afa8c8b0130f4aef5a4067cdf9d6d73449a9ab3ae4019c4e02f48c8a7d8daa0a72a4c4ae54d7682a99084762007cca620319109618cc1aae34320fec617833484610c68a0c430d2c0880620707f9a8d937e6e0550d6f42442282a2c36236447d7dac62494d8873ec482b61b7539ff24613814667882a4dea06634708ad36a0eb008462c958c62c0411af487c335365182c344c01ad100e54113830b8126cc24d0a0a1c4bec422a56a1b7107bb1ae7b1642261509e84b4c0c1b4aa668d1ba2896a4c65e08f90e426b4691042fc382146b82581fd83e224c6105f31fc10a6ffbb412394d84b81662200c40085248699102e64621f67ad024bf413d44f91c94736228816001ae2186c5b44db0e4c88cb34289d9cc535dd690e51226a411c3cf8280150375a5112e13348e20d7ff4a5afc7e0062cde0d07089ee00d79b9bf036c2114f518e6477cac9508b98b9e16811b9ae207d08f6c610ba3390da9efcc96d5b05755c4259234972b11c14e04d91dffd99f472412803066e4ca077547320e1a86a8360214bed5e024ea18e830cc2013ca18063126b16c8cc620e86940c36776152078c10043d31e0c4ff0e9d3beec089fecf9a191da5222b90ef64b614a0c5a05eae10064e206614b5258968903b9a601983080033154a8d049a7611232c0e1838711554d38527fc33085233e410c0463022e37b14fdb820a9bf23487de0659356a664ba18100913f9b61cc34d19b99c02ee536afc10c423cdc91ea108626d02351bf63400c611c601814edc8a46130898b1d801201bca53294b18f684c76d04fbeec590ab61e014f3d56a8b9899963341be61e4b2383dab18e4b8e15e5de8a3e570adb99bef8b8278a41808c20f2ff1aef36c8d8c36c0bcaa0472610c8c061009d82808d4117e5031c166d082a31112cc7e3124b16ab6a3914731ce81221e7f12c10a41e0448291841363e764f4b3509374074784470456455bf143e18d13f62b00f38a009119609cb305584460c84b164fec5207cc13188056b8cc7653b726d9f561e32901944e115c5d7197472370f5530663215ee633a0386125c001107e0415c3053938009047737ee513e1e1606cb6000327403fb7043ca504b0a152d7844298fc22ef7b71f55a240b36110d5366fb591324b152043214603b62166712813c2222ac1147f321e1e234b77634f32d46143a73fb1c43f09d14602054f07800301f0098d80069aa0096f7050c7ffc61420842541752690d113c6023e8732287f48197f127582654d563711c6321108421e63612083c13a90313af6e23bc971653f245d4844690c835cfc040069701000200954740007950c8da00c2c104ed43554597536a9e1163a226f4515175bb71564b215345319fbe1135f22165d086b09a227ad0127edc132068334f64133caa21c1d015a1e642699f04388060035b74607c00852185ac9a11efea5219c2113fe051591a77f5ba11eae16250b2226e1b17953018dff482407c12cf02231e4712982e11600e23d93435fcd424d69d01a6190095f64844ec14b6850884ef11e0a5829a9882962f420ab0586998267b13171f8382e54021cd8182884321032ffd13e7d438741d18dbfd33921248edb631b6da451b5a71cee2109f4e536f6522d1ac289cab22783521dc65222dc71725ed7265211584e213ef34612cf522e5f6215e9d311dee33d2114949be2393e69344873292b00481ec61410f94144c28a36f81152a127d8a68d231279b0e6117c418072d32d66017d7cb21dce4127d6d21a3e88349dd393e2e890c9a23a6e633c83c3008f232f0d423b00f006ba6396010091e8a27dd0582916d12b6bf21dfbe11a38712236c084a9c1247bd1150bb76aa2643af6e38df6631f65513decb33bb0e31fc30999f641101a359c14c33416531389811710811d481133f4612b59654a92a027a1f5691971002b612062d23281ff483b21143cba193abc298e6a093aae08384be29806d028ee023303223deb411e25a11507991427a29f61e92c563420c0326f91721c61a180bbe92e930294b003340de935b6b3351a3199faa23a1a323f66d236aea99d26f227cb219816322656337195d227fb112a74322cd5221ee7862dc9722a83d3386ba93d1499274b823cf29220f8e839c8633427d783e46899c3311cce0100482527cf11164f29103431717c791a9862151d111f74f2372a0235172a3a74783dba0938e3b924622323243317389a38a7a53d4c991f19ca25d2f32d899230e221a5a4e15fd011001882104c882d2bd018fed500f68535de113358813c1ea3809d833973233a8df3944dff31351b5333ae321c2af18396e38df645321aea8374482c313a19c6419759f32a1ad2760ae8a1598a342dea98c0423badb296595a2fc2b3a431492817917153719050b333bb033379e28a97f99e88ea1fed63a3a5633b62733dcc9610d36499dc1358ad426ee8b9a49e79354bba3327c18da2229627c317b00a95f6d2830aca3bbb5a8fca782430e0a7ffe61e763a8e0a1842bf2443d2957265344880750308a44c68201353243f67ea8d401a3beef32ddcba26afb1a7d57182c597263d31a8e37929dee84453348545b4af6fd50362457e37406a114b18ce73843d745620f5414cf81ee67a24a77121daf140fbc42ce41988fe2a3bfe6528f7a91937b11ef7ffa82b4fd955ec71a12c3b9f69351f68156a2b704768641bf5686a2f415db69186eb754ad0611e31d86ad33612ed033b40092c06362b45422599312b22c689315b27b45a17a253a813829200f58298a854f79495962113527724de261656a75a44f96abb1119d7c22598b311bb12b3fb588f61b3262e735aae91895e1b2301e893abf8136ddb629c957c47b55e68f5507a0a62b0163fae841271e215535726fb479c21d437f58822350bb6fa49247c633295862c32a21fe29327e04a173da21a73a66d4585935f8276623410975871a9811955809fd4a62d522111da023bd933b87952957e3ba72647b0c3422227731178021d2567315a433bc9a7168ed1165cff461e1b07467fb815ae651069f523fed46add2b06e55a1c26323ab3eb309938877a922fddf2ba62ea3108918958a3182c8b10ccf294c845124aa53c72b270ffa85ae19389b6f16a6ca1ac79a94f2c56be9c0b06ddb88d649a4a982123e8468f89f71a64926e2883aa5c425c4093a506d00b31a8173b812c004513997b75b6314d535217384192f814184d4ac117115e025cb6597211248220311326311315c31118243226ba8339adc272ee533a2a4005b6d04a6ea297db0113bf5b29547411551925d3f2c2ebf52e926123ae758daba61f00cb3b9cf214162a9eef621d1e513f705c32914933bb521dbdea158540054a89b0846103558021a9f58c5ae971e4ff16759071560a51295d631328b16c219115fc541f97791e2dd3aa9bc2c78ea92b1faab7f31920495130c8e1993140058a40058bf010922b95f8c4b51285752fa9c0b3d124b3911afe35094ab263c5399f47abbdde13198942bd9be1838c2a31d7871eff053171f1c70fb4c50d6795272657cbfcb92c58a2a76c1bcf824a74b223a331246242a61a534c87328dc9b18dba62386ceabbfb04065b20035a90b1a841339948302a1046aebccf0f852004721eb629791f02be01f03cbe52cf3de1b6244b1fe40c175432240b679367212a37a227c6b2b3361a17a4461055201686b10554b00254a00560f02838a1cdfb041b3e96cf24eb5f0e51b086224b8a495cbdff4bca0099cf47453bb063cb005505635625923a9d60522517ca392379c6cbb71a999316f9bc53c60b3e02931954ab8920829ba9551bd2f138f954714b81d05d466fd9833cc9470573abbdaaeac18302354d7132464326899bcaded689824922fbb3d5a9d5bbf3b6904fd12104127a5f16130a915cb69c8d8632b7c8c22c264d1b50aa2cab38c2ed3110f136abcf491d9bd1bd63928932f569590bb76c911414621aff58300eb110ef11c6f578d55d271b36721622653126631b94a72155800666d6a85e43b8d3cb3cd28bd3bb91bbf0e98c0e251f6086586b7c5ce8b2653d61baab76269ebd8f3cd22bc3d1d3b41a882711d367dabc87fbb5f84822b74ad16bff4bd62512461453bd39a9c0d3f1758311133809664d3ad0dc762679b91c498512a31812e76b1c0666ca2161c8fabd35fae9151fd3372db28fbd1146aeb59934c863e5c178246292a44594ebc512b152ddac719c75f637b75b71dd4119b365311c416affb802a4b605205e83cee812923a119c2187cecd214a2d6f66f669d691320853285aa61e24416d5bcc637d7135aab527d4eb231b7228d49d12b345c48392b3a745a75ab01686da93083b6a84416a203a1d002d95606b1921e10bb7a030b1414c0448b86a52b32b3126da82be11e75fe70b35ae45b3447ca6a242136962b3049b9a7c517cd5c2cddb112f37f823f729237af9782a604ec2b214da7c1734ffd2362c532240111ff5f24f3bc31351d95b5cf6942a2e12f792e4bb41add38b803c52db0c012227e370b2e110c92d1617c2d228028da3658ab8536e277182f8c5d37f7116e23db4bc3129b4ea8c762e58046cb35293b91b772855bd631ee21814dd7566fe5fe691c3c53d526f38da678c4f03c21b04fecd3091c65482ec9117967c52175c8722e1bc7004d35b1dee1454a097bd0e87d21715065add2756ecfa842e0901b7de28128b13233969e79b21ed2e45cb02f92514a37f83e58c8e016024225e01406a1bed789b31620e229873ea705ce7a7496e63814e27240216cc83d71493dc69a1157ad919784110fadce6b44a1b22be100c0f03e90ee2ba7c1364ff1d12e01d46bd255331a59254426e35b61148425271e11024ebb775ca2f131a03c3702671f66a735d23b5e12edaa1c62781715ab0f247a50255df12550046e63ee217476a22e52d38ed5a5490b12841d64d7e5a35a1c3a05738251227ee51708d6a19b4698393e25b74e1b7cc5738829a2e49ea41ae12035570547245d6304030ae4530bf95ee2b1f06db46f3e2beed5a50f5557f7115e71d082a76576328ded13195418018822088534a868903fad31a6db31cf6e21719ca246000e84703db2ce15a835f0595fff82882e4b0e55f674c3122bc026040f893efd3048119a96983f4c863dd5219664292381a3896ac9d000506acd77d0bf92af663e6c44ab50fffe515f01a15ae45e2bd456a83bfb5334eec2501d9b949f30341e243eb6d20a18bf9496088473be02ed77c5192efc9a38da1aa001143200000060088c1016005c1000401c4b8e190608c820d253a94a489a08a2d306268d9b205e447182a4aae30a0e28042872a55007809e3404c932b4a76dcf2f1864d892a28c6c04151228c8b2f2f4a3410e0a50a15060912251806c08d1807045a8de1d1e38d1b9220760c1a230c0e1862c2088cd151e0160793002885b122248c8e5ae2de55c16005d3a62a502e054094e9ddbd253d52a11bc3a4e2b43760503dbbf540478537c2f86ca0822ac4ac66c5721523160764cb02abdcc8b985aae53061b880119353b36a8161ff5053952156cc99b361c488412d55f362ba5ab2fa645af8a14b98146f30cdaa54715c03363553b1fbd127ee9c10873f3ffb90765aa0c6c5aeb8ed5374e32d32b6e038fba6971818d235db3cbbf8ecf1bd9705aa006326bfb680a9bb9518f3498b15b4f0cb24006ce84e2df314338e8ae7aa806142ad98526b0b9fee82c1a3ac140b60448f527a48ab1153e20c35b34212c831ade2722cb0186cca2ab5e9040ab1a3c752fc508c0f5b144bb1be481a51051b70fcaba418a8f010060c172c298cc48c62ca46bafcf268311c873b830be4727a8b31ba4af2c986ffd0524ccd2eb3fa9247136d42f34df5440cf1bf2ef3b45035f47e32e0c6b8b4a862ba855a1283fd11df600823922dc27814a42dcea0284b043db4724b434344699f3052320c003488912aa7b8d032c924b56ee0024f9876b2ecd4c00ec091b1e34aa2cf261c9ddc30ab403503e0b2e54254d1a3c0007b7591300a312bb6df16e502261b8fb44b2e930255114e312619f2a51b8681a94bae7c0a40c48f3e6353508ec4cad3c40f6b8a61c933061b5157c3e0045531311aea52ae336b7aa85c94144af0c51b181911a6976c30092e9c5444cec833814cf2a11107a24abd730d88edae28b74a7505b1d41b92538f63a8cec840972c56578886a1280c3a39a259659eb0e46b2f9c53dc0b4e2711c30b87be44f4c93a62298a2bb28b050223c72ed1a06f0b0388ffbe8bcdd28845ee3915e94c125b91df8568051cc498564e2d6e408caf84bb94b63e930cf3ebb2bb0cc050cae3660a2a0d6e3f3c1539a902b8414838b34293241f6d320eb93cabf608beaa768dd1c336ad23dcccc54cf20d0049561aae4ec27aadc9c9904ffa50ad9ade3e8e3182868106262bf92e09b56989de69442d0ea05ace544dec52adcbb4367aba6c3deaa8e42fa50a8de0d409af8261c59f6439e2ce3fb20ebab757402cab871cd247aa3339355231d713dc334fe3de8478ade932096ccfcbc5d75371bc16d77549cbe823cacde1f8ae1ece30a88801863a629342a9800a0c23164c58d425a6942b300ad987877e5539cd34645170328f93c2b7b8b7ff758b313dcb559e5470962d80617f2a908161dc17a2c411080dc358c8d72cd7b306a2c92769db94083db41c01dde52d299989433ee1a9279dc950d5798e992a77b4d8650d55bc228e5828c6312d04806b995ac1924c2728ebeca41ec478cabd24a73f16a58a61d349154b783213b8cd04692ff9494108b28f652c82237711c3d4504241d1ad690bf6d21313ef4427e0a4c92fc0f159e8bea7489f51c42c4b5953079183bb07d2b0810aeccb46eae33694352500d57960db26b18f7d08294455105c1917f31c9f048b4ec42a8c010648389d254912ec235c4970e095dd21c75e2244d02a7fa2c21d194d5a42214a529ab210bf28042a36aa24a8b6479186a840ff0cf5d80731d272b40dfea75b4a2a5a5cd4a418c7980962792aa0e8c480062589cc79b7aa16dc7ad4999704c04ae5ea1718caa5942096042e4b31c84a04339d4f3253a02c810a1c5b434a62480e06008423486604b95469e54b5adb11d2286480cbec0a54334363d3ea8420c23d6a21222c1c6ab258ae9718443133a9ce322d15984faaa02106014c7d52e29418fc460ca4c4c4b92c6a2e3ccd8847f78add596ac525cb95ec43208525520b631891c96ca0a2b38af7e824b0963a88a67171904d37792c079e142607050a427ab18f7a488d41de794e248454bc5fdaaa6ad674524e6cf02b93ddaaa234149dfb08f7217e892188c782db739cb9023632362ecdffa9934de0122e69a5a42f4a01e55b08b288dfdc80948d5055372fa615c7180d75f20c11d84ab2c0f6dd686a2805d6e554f8aeb2a8a46c44419802ab5753d9268c8dcc59481029d22485e0742a63330b299311923baac03ce74b0c00c1b72713fd07721e01a4cf602b322d950f44ea990a3397272481f28d4b6c64a94be0e640cba6e4666fb9ac8d2c83864228839492b00b75ea822adb91d38926e35a452bca4043092f7591c52e93620735871c470b4202a54dc120324e7dd58a6812a8529c19189e2806256e33004e6ff41b468c9294fb98cf600871d424112f448e81126d6f85b2fa898b57ee75dbf4f092cbec014006934083f896c4b1fcc00045daf96effaa0255102a60d2c8ca89096261a2e1ce5846199938f189e93189d454682e23e9237d06375d7af1ca9c740255a8e8f4a549a656494241983d93375c9800d6c32ca3dc031fdb5b34b1a4a50b29926fdc8165b6ea23cbf59084909a679242e5e85c724aed7458469401421147cd514c75baa4979438e65d628d411a08140037342534fb1bd839ffb5277bc5304b606d4a49382c984009c42cc918469675bd0f7a648259f9cd103e93380c37be0f5ead1427641793ba0e3fefbb584b2b968ae44314dd912e385250948cc62bdc1dc9284e2a081cd1e39b1bb8c3befac06634f661e82cebc317a1998b628a070a7de8358b255bad75dcf82634faeacd7dc171d528ff7ca330f06b055e414b5c0e559229d1054ad58a27970653d163d1992906115150c2a00c7da07bd7ecceb22f1e661e00d043134c452a1a35ed205e85c82ad039293953a444a898882092204beaa4552662d5ed23184a525eacb31ca411d79f7014cba318615f7ae883e36c55f789417edf3fbe2e06fbe0d69944f62438018b2858699f4b98c2ca5fc1b40af91a964f4263240070eb46729263aafe7818917c04318beee3608cd633a270aa3b9691443d0c8d4d52b29bf08726a53b48d8e44968f45d64f70b102dfdd5654a73e89a6663525e9606a89865357d3babf542943dbbe0e472c14b15c5b3245611d94612fb50063da001fb7d447dddd8ac4734a69e4dff4694f6313444264ceb23dcc084d8ac7ff164df4b0413069cbd301421c6426e9009af7ced442b19582f7bc491f35161ef8afb70c39c64d9dab4c60ac9d0073dd67d6262d04319cb40fc890f4f0c5e008011a5ecfb46f4dfe01bd8405acbac08828829cd4aa8b6d13f5922b4a8418baff9b63b0ba7bab03606d11ab8b991590300e1320fb9b00165a887a7b33d52528617b2af5dd3356860844cd802e0f8939d30888880a3316088a9104002418ba7908888a88cb5f0885c23251842970dd93f93a91b9b900d02b21e7b699f4a9ab8acb08db35886c1db875c633743c335651006dd83bf7d983d125c0645511448098346080308490fb89281d68811d22812d6ffb08cde03c31b2086a9a31473618c204a0a67521cc46090d2431d01eb330f230a8a7013f2d88264d0427d18062c23bcc3d307422b34523a3c5d53865e6084470103a5b28d6deaa983f0082d200b2b510ddf8010995901993121ba7044f6cb09a5c1314dda9edd919299501000831bd3ea3bbd438bfbd902a6bb32c123257503b95c53bf2c53376cf23890a38761880d2a31b3c7ca98ca91b766ac3b154003f463b72da4072b118bdc70974ad908928a0b133a97d001ac94d8a73d7b90aa5a811731c46ce241c11b46b6da8776d4b58edbb52cfc45775846ed2ac570b128a1aaaeb17bbd13cb041e24c8d6880c5d71099ceaa7b02b1c4592ad8be30bd61b9222ff018e1124417934b4618c866888c77a98bd48dc3d7de885e338a3372142232a16c5c081786c37485c374628c581fb924de2172e693504b28eea29899940899f94356c4b8bd6d8827804b9a81b3c2c9b4290bbb2c27b422dd3b5a7ca13ff231633a3192d00802d30482e5c3f623080d248b84c538ac28809a5f82bf9212985b1ac64aab811390bb3d0bd5fdc876288bd28148344a447f5a38762703a4930b465503ff8233c765337ed428ed9390ed309834930b4a79bbfc21b4149789447830e00c04a94210a0dc3300163a5b421bf983a100749a2b4508d2d4003a35c3fd81b8648b80161d048c094bd5222348cd48768c8bdc2c3a64de291561a3806811493ff9884611c86ba5cbfb8843a624886223195c73809826aa55f99b573dc0b86212b805a3dc8fa8ada880177283c8f34c6f51b0615e04174eb38f58b042d484d9894bf2cd3a3c4f811bf0a832a3808ee24a5d95306db83067a20bcd9ebb814a40a737908aacca24efa0bedf143ac6a1873d4b33daa2e12ca048f834468f0057a90044918064c58bf27e4405e83016228bcf59b3aa7fbc55c820ef8e9c4c0d8ca61a4877990c7fd243c7a088cb72a1efe101d3a292ef12aae060295a1a1b21a620c48699630000334f8d0d4344130d0b5a6ab4f2d08837da0be6118cedac3a67cb0af38843dead895999112fbd335905cbf6470d12c5306e76a0ff411a1ea6099e1ff92b53e2b1c50b2498063b98a9c32cd688464e4b8dba4237dc08438343475dbc27a900a0ba507254d3f25054c4313060f4d2227a14e9f31b11383863bed4165c048f6030948712841c934a602af4d728999e01cb8a12cebc0b8b06c329a3800434c862d2c5225e53548d487ac5bb76148c664703f16a5074ca887a6a33e7dd8b14b438ead843d089d559054bfb8a4879cb8d4fed3372f190e9fa9266f449aed89a998b2493c210f13551cfb6a07f863b7bad487a72c3c6228894888864415864c48464cb0af4c0883464c06627886313532ff7a2303a8c7f454b7070541622086611009261d09c9591194384993e98bd802a29a30089e9832b0e2917e6c2501ff5381d7f34886fad773ab3d74cb0446b1bf49180661080328b55043d3020be5855ef0cb7dc037fe50816144376810bcef343475cdb2641086a43b1b26a51f0f3a159e304714b1220e53989acb228b3117b9998edad10a001841dbb34777b0474c70ae875a4d496084337007f434347019863070d728f45592f2098358d98d25257a404af5c384b55a370a1d06e390dbd8500df5e02b65c31a967a2099daa989c538ad5915bfb081f901567a642b99053952b9d41840034690843010861be0055aed1e18b0051be0855b523fd849981838b73814bc2dec386518867ac00461055813320e91a00bab8b18c648a2bf7029ca228a9fd43f1a81dd4791ae877a982dff5104939042d853bfda24a5457812f018064950164680814445c4fe5894614044587c97952506471cde65f85761a05046183c438b0130983b2d689a4781012e78ab2ec11dfedab9ea30aeed09c494693d48e1953f1a5c4024c209d382c1d4b54cd00226fd8845f85ad6800146b0d5df61941890044c8011aaca108a18de4c4086d47c4a924d064ce0015fdc0761284553a98d114a0c3559423d912cb7e1304d2388ecabb5a02319168a17e7ca11e35804ac1c4f8fa3874ba40b0291843330042d40984560840bf5090f790e16a55afdd9102235b494d5c2f51bd4af05d973a8826748db692b9e1cd6115b4917ea7090805a0a7ea1b2d2680d9f3309b975d9d4ffcae14b040300e05760f4df30e0d9204e5ea26c0d5ec894b4b08bbbf4910e2a1e4c908478450d0c153c28955e393e8be1040efa458d3cf11138ce8e8acc20386909f8a52c9fb02a7a198ef3a19e172b1d464963ec88c7798094e350d761988734b010657924d6fd0846b884605117cdc015244583190e03252dc864508645880406d6024cb88c9cb881460311e52489bfe00a8190ac4c1a9829439103b00db21417e7c21d0c8998dded08300409302034f55b84e2488b757b867a0b1c6551968a84014938087afda4baadd8a54bcecb10467dc0b57948deee89014599b63959120b915b59541f39991a7eb14197f824fa3d1c072689413199aa9930f1c5548bffdd871354141f3144401d867678dc421291ec08115202bf13d902036e078ebac4f5b36728e50514f48d31564ef3c991d4908d11e28c6c690a8708809a528a3090014deea3e9a802e2c8090bd10a9cc0543826b47998e2f07c9d2dd0873758ba399ecc224a0bb2a9e2595b106bc2040ca569a74e3fe4444e76024338be8109f11933d6c6130100a0abc14e82a9d0f3b1d7398915f211d9909ade51953311521fc926216d0765201e2634847c20d9c7e51bc23988794c36af61144cb8bf1162d2493037e494da428801617894173997b276199dc014bc4889d7212c69b188a88063b5e8ab7569da73229cd5a50b30a8823370da7d98972056069048a348900461ffb85045c91022bca3f48b4f4e5ac2afd5074980ec4550866448e9eef15eb1c05435c989142a2926f4880903ab94b98a4982eb918997424129ad90ae73c91efc7d60e8da820d668a05fe5a8e820823da02c3968d7301004d9868ec8a0b06384c49c8c66450e790d8b8e1e46d4f99077af808cff313c7301591595d91d9a2f68118a7e029fca18cbed964d9a29ca182ae1c715a9801904918d9603e17b97da8b39028c2b181a60b167144911ac9845d7e3d4b0e835a18866468874c58041c9784d66d8dc4389f0f318ffdea881d2dc5ad411182781815a802b951adffa8163751104d76ed1001807c90042a0880c7bde5a861aad51d99cb78aad743eeff998972ff7129154806463089792010f38d436200035b68445ef8084c450d24919a87416dd4c6a74d4619829809aef0188c52126bde91d881a8c1fa98711cd91895cc3048065e989a31c490cb000333d6ba0d64846081ae98d21e656025ea7b883038c190fd967998dca669699a260f3abc0f8fb86443e93fbee01c76396633eaa204d91174466dcb811500ba814538987ff5094970bed21389d292a502be6d9c1835a3700852f10bc31ea133985c5e38ee4c00d9ffa1e373391c13e910d8fa08e63a8ea8488b21beb6967ba5438f8ebcab2eed60422111e06430097a1033ae11aac7221518105f32740e36698de71083488009b3080349e805e91586dd96193034e64effd444c9699a8a815d4e310848c98e2899b1adc136fceef5f7a112b5a0823030de83a78792f06f6b2b219ff6087d10d8b2b6b5ce1263fac84a9a07c31a1f06621086496807f040488e0045e2798e19dd261f3113937a2c30142004428c0cefc3622e195a124713290d06e1ef1e8199349d13a6680d0098309198cca13778b1580458be0c31b844927fdb4c68841cf18d47d90f159140dbf16007399f0ad75225522d92597695940dfcae2eb95df2b950d7d8e905fd3d80d22b9612afbb077e31656e5d2119214c0909469807e5c5352be98dde6042ab19a194e4ec773f9b7b595d03481bb0ca9d7b6961179b318d411fa509f1f5569a4e868ea691a8c9d48ad0ffe09531e6a8dfe98d0aa5d5c7356a349c306d340e817712300ba653a28aacb4120581bb09d413475b8c167a3411a9eb9bd809db8781e4c59c69c4f4799290acc0ee69b98fc02995a1b49205aee7a0820de85ef2c90f5fd3a0e9c4901b4f63d0c439131f3927f40008153160c058012386c08207b72c849190e140880cb7dcd83210c03c4d02b56889a125ccc18e2a565484a1c522c8180355763ca8424598982a606c0953330c2346c3e8d1dbb72806c52a316bc2b06191e1c1302b0676ec88d46552832269ce5c31736042002b5b4e24387125d896113db25c11269f568860a4aa7ca9f68016150ca90c0c83d065453176e5c2881973d8307dcae89d391953ff4c0cbb5b16d3dc021324cdc411a12244da75e94182060caecc1cb1e3d8be06106e8571c3ab672d99b7ec0ba3a229dccf5a415a3cd9d980dcce01b6d82824d3aede9a92f4f1d437cc2cc5984023dabda1c28098911205ae0c4013061703163353ee8cf9a1e993d797a366a9d2e1cada0c55e8e3a5c2b9c981069d3b4d8d55059ad69c0fde508eb04a4d35ed020d3dcae8b3cf4201d276dd62ef39660350ab41f4924120dda0c50a1092555042031504e16aa61d4596459f0125d05760a8b485160064028d5cd45d755d491055e1d9529218e01c7c372d621041c1e9448f3e074ad29772352516997376e1c5580c6bc1609d878c19b48248f271670378755101ff114b04a5e7107731d870e362ebf9b48294a8a1086153dc1505030030103386400efa35534d5a80818330fa2cd313262ba449db5a2b3a24138b512264d74a79d635900dae4534635b9385b41559cb35d5697adb69719a63fa2453e7415fdea5a26a129964284207a8c088a53025a69c407e5181063dc324b30f31048501c6621591a5a259e735d6d07a9d354a17a70791d561841eda64a647e36dc7d4b41746f811008cec13a14007808122573050b1df41b889312e568a05a802007af9258930fb1c0880828dd5b8285875a950a996a43566944d4975585fb6a1a55ad10d1b8ac559575fada74f2409c5f71e4da33a756641083d178326615069d34d36d5ab395c4e9224538f3e0bd915c6a88dee251350468d051a7ab9d9c491ad0e45aca24d46293499504e5dc573a79bd6c7906a9904cb61554f97195f40003b, 'active', 'technical'),
('Abhas Prashad', '12BCE0159', '', '', 151, '0000-00-00', '', '', '', 'active', 'technical'),
('Aakansha Kumari', '12BCE0519', '', '', 152, '0000-00-00', '', '', '', 'active', 'Not available'),
('Adithya Mathur', '12MSE0143', '', '8220824794', 153, '0000-00-00', '', 'Male', '', 'active', 'Not available'),
('Durga Chowdary', '12MSE0364', '', '9966430490', 154, '0000-00-00', '', 'Felmale', '', 'active', 'Not available'),
('Saurabh Thakur', '13BCE0081', '', '9629767188', 155, '0000-00-00', '', '', '', 'active', 'Not available'),
('Purusharth Sharma', '13BCE0186', '', '8110020021', 156, '0000-00-00', '', '', '', 'active', 'Not available'),
('Reetuparna Mukherjee', '13BCE0313', '', '8110020662', 157, '0000-00-00', '', 'Felmale', '', 'active', 'Not available'),
('Abhigyan Singh', '13BCE0347', '', '9787110370', 158, '0000-00-00', '', '', '', 'active', 'Not available'),
('Goutam K Reddy', '13BCE0459', '', '8110020428', 159, '0000-00-00', '', 'Male', '', 'active', 'Not available'),
('Shravya Murthy', '13BEC0635', '', '9629786424', 160, '0000-00-00', '', 'Felmale', '', 'active', 'Not available'),
('Amit Srivastava', '13BIT0009', '', '9787109875', 161, '0000-00-00', '', '', '', 'active', 'Not available'),
('Prince', '13BIT0222', '', '9524431744', 162, '0000-00-00', '', '', '', 'active', 'Not available'),
('Sathish Kumar', '13MCA0024', '', '7845368091', 163, '0000-00-00', '', '', '', 'active', 'Not available'),
('Selvam', '13MCA0049', '', '9003680363', 164, '0000-00-00', '', '', '', 'active', 'Not available'),
('Ravi Raj Gulati', '13MSE0393', '', '9787115980', 165, '0000-00-00', '', '', '', 'active', 'Not available'),
('Abhishek Kankani', '14BCE0488', '', '9944366767', 166, '0000-00-00', '', '', '', 'active', 'Not available'),
('Priyal Jain', '14BCE0512', '', '7639810499', 167, '0000-00-00', '', '', '', 'active', 'Not available'),
('Khushmeet Singh', '14BCE0523', '', '9944490100', 168, '0000-00-00', '', '', '', 'active', 'Not available'),
('Ashwini Purohit', '14BCE0529', '', '8098678877', 169, '0000-00-00', '', '', '', 'active', 'Not available'),
('Priyanshu Jindal', '14BCE0607', '', '9943766650', 170, '0000-00-00', '', '', '', 'active', 'Not available'),
('Nimisha Gupta', '14BCE0635', '', '9952136366', 171, '0000-00-00', '', '', '', 'active', 'Not available'),
('Attreya Bhatt', '14BCE0784', '', '', 172, '0000-00-00', '', '', '', 'active', 'Not available'),
('Supreeta Balasubrama', '14BCE0833', '', '', 173, '0000-00-00', '', '', '', 'active', 'Not available'),
('Shubhodeep Mukharjee', '14BCS0002', '', '', 174, '0000-00-00', '', '', '', 'active', 'Not available'),
('Manigandan Karthikey', '14MCA0174', '', '', 175, '0000-00-00', '', '', '', 'active', 'Not available'),
('Shimona Bordia', '14BCE0184', '', '', 176, '0000-00-00', '', '', '', 'active', 'Not available'),
('Harshit Satija', '14BIT0237', '', '', 177, '0000-00-00', '', '', '', 'active', 'Not available'),
('Shubhanjan Chakrabar', '14BIT0226', '', '', 178, '0000-00-00', '', '', '', 'active', 'Not available'),
('Shanya Verma', '14BCE0492', '', '', 179, '0000-00-00', '', '', '', 'active', 'Not available'),
('Surya Prakash', '13MCA0001', '', '', 180, '0000-00-00', '', '', '', 'active', 'Not available'),
('Kshitij Kumar', '14BEC0850', '', '', 181, '0000-00-00', '', '', '', 'active', 'Not available'),
('Nikhil Kasukurthi', '14BCE0506', '', '', 182, '0000-00-00', '', '', '', 'active', 'Not available'),
('Shaurya Shekhar', '14BCE0497', '', '', 183, '0000-00-00', '', '', '', 'active', 'Not available'),
('Abhishek Bansal', '13BCE0692', '', '', 184, '0000-00-00', '', '', '', 'active', 'Not available'),
('Anchal Arora', '13MCA0175', '', '', 185, '0000-00-00', '', '', '', 'active', 'Not available'),
('Jahnavi Pednekar', '14BEC0449', '', '', 186, '0000-00-00', '', '', '', 'active', 'Not available'),
('Shiv Bidani', '14BCE0553', '', '', 187, '0000-00-00', '', '', '', 'active', 'Not available'),
('Anshul Singh', '13BEC0774', '', '', 188, '0000-00-00', '', '', '', 'active', 'Not available'),
('Shivansh Jagga', '13BCE0188', '', '', 189, '0000-00-00', '', '', '', 'active', 'Not available'),
('Vignesh Shankar', '14BIT0139', '', '', 190, '0000-00-00', '', '', '', 'active', 'Not available'),
('Sarabpreet Singh', '14MCA0020', '', '', 191, '0000-00-00', '', '', '', 'active', 'Not available'),
('t1', '14bce0001', 't1@gmail.com', '', 192, '0000-00-00', '', '', '', 'active', 'management');

-- --------------------------------------------------------

--
-- Table structure for table `email_confirmation`
--

CREATE TABLE IF NOT EXISTS `email_confirmation` (
  `regno` varchar(9) NOT NULL,
  `email` varchar(60) NOT NULL,
  `hash` varchar(60) NOT NULL,
  UNIQUE KEY `regno` (`regno`)
) ENGINE=InnoDB DEFAULT CHARSET=latin1;

--
-- Dumping data for table `email_confirmation`
--

INSERT INTO `email_confirmation` (`regno`, `email`, `hash`) VALUES
('12BCE0455', 'undefined', 'hash');

-- --------------------------------------------------------

--
-- Table structure for table `events`
--

CREATE TABLE IF NOT EXISTS `events` (
  `id` int(11) NOT NULL AUTO_INCREMENT,
  `club_id` int(11) NOT NULL,
  `name` varchar(20) NOT NULL,
  `date` date NOT NULL,
  `time` time NOT NULL,
  `place` varchar(25) NOT NULL,
  `purpose` varchar(100) NOT NULL,
  `date_added` date NOT NULL,
  `details` varchar(100) NOT NULL,
  PRIMARY KEY (`id`)
) ENGINE=InnoDB  DEFAULT CHARSET=latin1 AUTO_INCREMENT=55 ;

--
-- Dumping data for table `events`
--

INSERT INTO `events` (`id`, `club_id`, `name`, `date`, `time`, `place`, `purpose`, `date_added`, `details`) VALUES
(54, 60, 'Ankit Singh', '2015-02-13', '13:59:00', 'fdvss', 'dsfdfa', '2015-02-26', 'dfaafa');

-- --------------------------------------------------------

--
-- Table structure for table `group_1_meeting_attendance`
--

CREATE TABLE IF NOT EXISTS `group_1_meeting_attendance` (
  `reg_no` varchar(10) DEFAULT NULL,
  `meeting_1` int(11) DEFAULT '0'
) ENGINE=InnoDB DEFAULT CHARSET=latin1;

--
-- Dumping data for table `group_1_meeting_attendance`
--

INSERT INTO `group_1_meeting_attendance` (`reg_no`, `meeting_1`) VALUES
('12MSE0363', 0),
('13MSE0350', 0),
('13BCE0740', 0),
('12BCE0548', 0),
('13BEC0490', 0);

-- --------------------------------------------------------

--
-- Table structure for table `group_1_members`
--

CREATE TABLE IF NOT EXISTS `group_1_members` (
  `reg_no` varchar(10) DEFAULT NULL
) ENGINE=InnoDB DEFAULT CHARSET=latin1;

--
-- Dumping data for table `group_1_members`
--

INSERT INTO `group_1_members` (`reg_no`) VALUES
('12MSE0363'),
('13MSE0350'),
('13BCE0740'),
('12BCE0548'),
('13BEC0490');

-- --------------------------------------------------------

--
-- Table structure for table `group_2_meeting_attendance`
--

CREATE TABLE IF NOT EXISTS `group_2_meeting_attendance` (
  `reg_no` varchar(10) DEFAULT NULL
) ENGINE=InnoDB DEFAULT CHARSET=latin1;

--
-- Dumping data for table `group_2_meeting_attendance`
--


-- --------------------------------------------------------

--
-- Table structure for table `group_2_members`
--

CREATE TABLE IF NOT EXISTS `group_2_members` (
  `reg_no` varchar(10) DEFAULT NULL
) ENGINE=InnoDB DEFAULT CHARSET=latin1;

--
-- Dumping data for table `group_2_members`
--


-- --------------------------------------------------------

--
-- Table structure for table `group_3_meeting_attendance`
--

CREATE TABLE IF NOT EXISTS `group_3_meeting_attendance` (
  `reg_no` varchar(10) DEFAULT NULL
) ENGINE=InnoDB DEFAULT CHARSET=latin1;

--
-- Dumping data for table `group_3_meeting_attendance`
--

INSERT INTO `group_3_meeting_attendance` (`reg_no`) VALUES
('12BIT0106'),
('13BEC0031'),
('13BEC0145');

-- --------------------------------------------------------

--
-- Table structure for table `group_3_members`
--

CREATE TABLE IF NOT EXISTS `group_3_members` (
  `reg_no` varchar(10) DEFAULT NULL
) ENGINE=InnoDB DEFAULT CHARSET=latin1;

--
-- Dumping data for table `group_3_members`
--

INSERT INTO `group_3_members` (`reg_no`) VALUES
('12BIT0106'),
('13BEC0031'),
('13BEC0145');

-- --------------------------------------------------------

--
-- Table structure for table `group_4_meeting_attendance`
--

CREATE TABLE IF NOT EXISTS `group_4_meeting_attendance` (
  `reg_no` varchar(10) DEFAULT NULL,
  `meeting_4` int(11) DEFAULT '0'
) ENGINE=InnoDB DEFAULT CHARSET=latin1;

--
-- Dumping data for table `group_4_meeting_attendance`
--

INSERT INTO `group_4_meeting_attendance` (`reg_no`, `meeting_4`) VALUES
('12bce0246', 0),
('12BIF0045', 0),
('13BCE0267', 0),
('12BIT0108', 0),
('12BIT0224', 0);

-- --------------------------------------------------------

--
-- Table structure for table `group_4_members`
--

CREATE TABLE IF NOT EXISTS `group_4_members` (
  `reg_no` varchar(10) DEFAULT NULL
) ENGINE=InnoDB DEFAULT CHARSET=latin1;

--
-- Dumping data for table `group_4_members`
--

INSERT INTO `group_4_members` (`reg_no`) VALUES
('12bce0246'),
('12BIF0045'),
('13BCE0267'),
('12BIT0108'),
('12BIT0224');

-- --------------------------------------------------------

--
-- Table structure for table `group_5_meeting_attendance`
--

CREATE TABLE IF NOT EXISTS `group_5_meeting_attendance` (
  `reg_no` varchar(10) DEFAULT NULL,
  `meeting_5` int(11) DEFAULT '0'
) ENGINE=InnoDB DEFAULT CHARSET=latin1;

--
-- Dumping data for table `group_5_meeting_attendance`
--

INSERT INTO `group_5_meeting_attendance` (`reg_no`, `meeting_5`) VALUES
('13MSE0350', 0),
('13BIT0168', 0);

-- --------------------------------------------------------

--
-- Table structure for table `group_5_members`
--

CREATE TABLE IF NOT EXISTS `group_5_members` (
  `reg_no` varchar(10) DEFAULT NULL
) ENGINE=InnoDB DEFAULT CHARSET=latin1;

--
-- Dumping data for table `group_5_members`
--

INSERT INTO `group_5_members` (`reg_no`) VALUES
('13MSE0350'),
('13BIT0168');

-- --------------------------------------------------------

--
-- Table structure for table `group_6_meeting_attendance`
--

CREATE TABLE IF NOT EXISTS `group_6_meeting_attendance` (
  `reg_no` varchar(10) DEFAULT NULL
) ENGINE=InnoDB DEFAULT CHARSET=latin1;

--
-- Dumping data for table `group_6_meeting_attendance`
--


-- --------------------------------------------------------

--
-- Table structure for table `group_6_members`
--

CREATE TABLE IF NOT EXISTS `group_6_members` (
  `reg_no` varchar(10) DEFAULT NULL
) ENGINE=InnoDB DEFAULT CHARSET=latin1;

--
-- Dumping data for table `group_6_members`
--


-- --------------------------------------------------------

--
-- Table structure for table `group_7_meeting_attendance`
--

CREATE TABLE IF NOT EXISTS `group_7_meeting_attendance` (
  `reg_no` varchar(10) DEFAULT NULL
) ENGINE=InnoDB DEFAULT CHARSET=latin1;

--
-- Dumping data for table `group_7_meeting_attendance`
--


-- --------------------------------------------------------

--
-- Table structure for table `group_7_members`
--

CREATE TABLE IF NOT EXISTS `group_7_members` (
  `reg_no` varchar(10) DEFAULT NULL
) ENGINE=InnoDB DEFAULT CHARSET=latin1;

--
-- Dumping data for table `group_7_members`
--


-- --------------------------------------------------------

--
-- Table structure for table `group_8_meeting_attendance`
--

CREATE TABLE IF NOT EXISTS `group_8_meeting_attendance` (
  `reg_no` varchar(10) DEFAULT NULL
) ENGINE=InnoDB DEFAULT CHARSET=latin1;

--
-- Dumping data for table `group_8_meeting_attendance`
--


-- --------------------------------------------------------

--
-- Table structure for table `group_8_members`
--

CREATE TABLE IF NOT EXISTS `group_8_members` (
  `reg_no` varchar(10) DEFAULT NULL
) ENGINE=InnoDB DEFAULT CHARSET=latin1;

--
-- Dumping data for table `group_8_members`
--


-- --------------------------------------------------------

--
-- Table structure for table `group_meetings`
--

CREATE TABLE IF NOT EXISTS `group_meetings` (
  `id` int(11) NOT NULL AUTO_INCREMENT,
  `grp_id` int(11) NOT NULL,
  `club_id` int(11) NOT NULL,
  `date` date NOT NULL,
  `time` time NOT NULL,
  `place` varchar(25) NOT NULL,
  `details` varchar(100) NOT NULL,
  `date_added` date NOT NULL,
  PRIMARY KEY (`id`)
) ENGINE=InnoDB  DEFAULT CHARSET=latin1 AUTO_INCREMENT=6 ;

--
-- Dumping data for table `group_meetings`
--

INSERT INTO `group_meetings` (`id`, `grp_id`, `club_id`, `date`, `time`, `place`, `details`, `date_added`) VALUES
(1, 1, 60, '2015-02-16', '12:12:00', 'mb 110', 'just for fun. xyz', '2015-02-14'),
(4, 4, 60, '2015-02-27', '03:34:00', 'ldsjflsdk', 'ojljl', '2015-02-14'),
(5, 5, 60, '2015-02-19', '21:21:00', 'SJT', 'khfdgjdfhj', '2015-02-14');

-- --------------------------------------------------------

--
-- Table structure for table `group_tasks`
--

CREATE TABLE IF NOT EXISTS `group_tasks` (
  `id` int(11) NOT NULL AUTO_INCREMENT,
  `grp_id` int(11) NOT NULL,
  `club_id` int(11) NOT NULL,
  `reg_no` varchar(10) NOT NULL,
  `task` varchar(50) NOT NULL,
  `assignment_date` date NOT NULL,
  `completion_date` date NOT NULL,
  `status` int(11) NOT NULL DEFAULT '0',
  `description` varchar(100) NOT NULL,
  PRIMARY KEY (`id`)
) ENGINE=InnoDB DEFAULT CHARSET=latin1 AUTO_INCREMENT=1 ;

--
-- Dumping data for table `group_tasks`
--


-- --------------------------------------------------------

--
-- Table structure for table `groups`
--

CREATE TABLE IF NOT EXISTS `groups` (
  `grp_id` int(11) NOT NULL AUTO_INCREMENT,
  `club_id` int(11) NOT NULL,
  `name` varchar(30) NOT NULL,
  `admin` varchar(10) NOT NULL,
  `details` varchar(100) NOT NULL,
  PRIMARY KEY (`grp_id`)
) ENGINE=InnoDB  DEFAULT CHARSET=latin1 AUTO_INCREMENT=9 ;

--
-- Dumping data for table `groups`
--

INSERT INTO `groups` (`grp_id`, `club_id`, `name`, `admin`, `details`) VALUES
(1, 60, 'mentor', '12bce0246', 'mentor group of GDG.'),
(2, 60, 'project', '12BIT0108', 'project group of GDG.'),
(3, 60, 'president_check', '14MCA0146', 'in president login'),
(4, 60, 'men2', '12BIT0106', '2nd group under sourabh'),
(5, 60, 'pqr', '12BIT0106', 'lsfdkslfjsl'),
(6, 60, 'fgdsfs', '12BIF0045', 'fsdsg'),
(7, 60, 'ankit', '12bce0246', 'fddddd'),
(8, 60, 'qqq', '12BCE0455', 'ssvsss');

-- --------------------------------------------------------

--
-- Table structure for table `meetings`
--

CREATE TABLE IF NOT EXISTS `meetings` (
  `id` int(11) NOT NULL AUTO_INCREMENT,
  `club_id` int(11) NOT NULL,
  `date` date NOT NULL,
  `time` time NOT NULL,
  `place` varchar(20) NOT NULL,
  `details` varchar(100) NOT NULL,
  `date_added` date NOT NULL,
  PRIMARY KEY (`id`)
) ENGINE=InnoDB  DEFAULT CHARSET=latin1 AUTO_INCREMENT=9 ;

--
-- Dumping data for table `meetings`
--

INSERT INTO `meetings` (`id`, `club_id`, `date`, `time`, `place`, `details`, `date_added`) VALUES
(1, 60, '2015-01-27', '12:12:00', 'MB', 'short meeting', '2015-02-06'),
(7, 60, '2015-02-12', '23:59:00', 'bemoeom', 'eomeom', '2015-02-05'),
(8, 60, '2015-02-04', '12:59:00', 'qwe', 'qw', '2015-02-06');

-- --------------------------------------------------------

--
-- Table structure for table `panel`
--

CREATE TABLE IF NOT EXISTS `panel` (
  `id` int(11) NOT NULL AUTO_INCREMENT,
  `reg_no` varchar(30) NOT NULL,
  `club_id` int(30) NOT NULL,
  `pass` varchar(30) NOT NULL,
  `status` tinyint(1) NOT NULL DEFAULT '0',
  PRIMARY KEY (`id`)
) ENGINE=InnoDB  DEFAULT CHARSET=latin1 AUTO_INCREMENT=92 ;

--
-- Dumping data for table `panel`
--

INSERT INTO `panel` (`id`, `reg_no`, `club_id`, `pass`, `status`) VALUES
(22, '12BIF0045', 60, 'cyTK7Iyl', 0),
(23, '13BCE0395', 60, 'g4pr04Ce', 0),
(24, '14MCA0146', 60, 'prerit', 1),
(25, '13BCE0267', 60, 'EcwuawUh', 0),
(26, '12BIT0108', 60, 'sjBlW6FX', 0),
(27, '12BIT0224', 60, 'nNILaUO3', 0),
(28, '13BCB0062', 60, '7oBtBJ7j', 0),
(29, '13BAM0032', 60, 'rS0g1ijx', 0),
(30, '12BCE0416', 60, '7YGP7lap', 0),
(31, '12BIT0106', 60, 'sourabh', 0),
(32, '13BCE0557', 60, 'r0QptWNe', 0),
(33, '13BEC0031', 60, 'DqQTeY6E', 0),
(34, '13BEC0145', 60, '8t8cGt2K', 0),
(35, '13BCE0346', 60, 'JUp3Bfni', 0),
(36, '13BCE0662', 60, 'artcJ0R0', 0),
(37, '13BEC0490', 60, 'bR5pPufE', 0),
(38, '13BCE0258', 60, 'xSXqDthZ', 0),
(39, '12MSE0363', 60, 'YhP0SIIJ', 0),
(40, '13MSE0350', 60, 'anurag', 0),
(41, '13BCE0740', 60, '6aGNNULx', 0),
(42, '12BCE0548', 60, 'ia9xXmT4', 0),
(43, '12BIT0170', 60, 'AwDPy4q2', 0),
(44, '14MCA0164', 60, 'H0SpmL6c', 0),
(45, '13BAM0009', 60, 'olF49cGg', 0),
(46, '13BIT0168', 60, 'riIwD8T2', 0),
(47, '13BCE0619', 60, 'zDNxAiwe', 0),
(48, '13BCE0037', 60, 'x5EQKshB', 0),
(49, '12BCE0455', 60, '5o1dRmXT', 1),
(50, '12BCE0159', 60, 'YkFnHLgS', 0),
(51, '12BCE0519', 60, 'WDk70oZh', 0),
(52, '12MSE0143', 60, 'qnlcOr2a', 0),
(53, '12MSE0364', 60, 'fABRNYTf', 0),
(54, '13BCE0081', 60, '4kiMaTCr', 0),
(55, '13BCE0186', 60, 'FocHG2Uw', 0),
(56, '13BCE0313', 60, 'Nw5l65yc', 0),
(57, '13BCE0347', 60, 'cqFuaOgf', 0),
(58, '13BCE0459', 60, 'CUHSDYOp', 0),
(59, '13BEC0635', 60, 'NHYgeiYr', 0),
(60, '13BIT0009', 60, 'wxaoKAq6', 0),
(61, '13BIT0222', 60, 'wa61Ux07', 0),
(62, '13MCA0024', 60, 'xmtRsTof', 0),
(63, '13MCA0049', 60, 'jR5Iasnf', 0),
(64, '13MSE0393', 60, 'DpEiMXIR', 0),
(65, '14BCE0488', 60, 'dMUn277Q', 0),
(66, '14BCE0512', 60, 'OHEIGIlX', 0),
(67, '14BCE0523', 60, 'cUA2tubW', 0),
(68, '14BCE0529', 60, '7bu6bclw', 0),
(69, '14BCE0607', 60, 'hg6ExABs', 0),
(70, '14BCE0635', 60, 'tTbrgoGx', 0),
(71, '14BCE0784', 60, 'sPseaomt', 0),
(72, '14BCE0833', 60, 'YOIKXjm2', 0),
(73, '14BCS0002', 60, 'JCFMoWsY', 0),
(74, '14MCA0174', 60, 'xY53eYo0', 0),
(75, '14BCE0184', 60, '6DIidbUT', 0),
(76, '14BIT0237', 60, 'ckji6jLq', 0),
(77, '14BIT0226', 60, 'zQCMD9Hk', 0),
(78, '14BCE0492', 60, 'XUnwzotk', 0),
(79, '13MCA0001', 60, '7ilfEPPd', 0),
(80, '14BEC0850', 60, 'NJhIDcxH', 0),
(81, '14BCE0506', 60, 'KYWFgejz', 0),
(82, '14BCE0497', 60, 'JK2RhIWy', 0),
(83, '13BCE0692', 60, 'uQl4sm8n', 0),
(84, '13MCA0175', 60, 'M0D0xXGQ', 0),
(85, '14BEC0449', 60, 'kXCpfciG', 0),
(86, '14BCE0553', 60, 'Tr46nTLD', 0),
(87, '13BEC0774', 60, 'fgJKELOr', 0),
(88, '13BCE0188', 60, '88laOzcS', 0),
(89, '14BIT0139', 60, 'hNG3D3FF', 0),
(90, '14MCA0020', 60, 'r2tcPYYA', 0),
(91, '14bce0001', 60, 'E9nLnkL2', 0);

-- --------------------------------------------------------

--
-- Table structure for table `task`
--

CREATE TABLE IF NOT EXISTS `task` (
  `id` int(11) NOT NULL AUTO_INCREMENT,
  `regno` varchar(12) CHARACTER SET utf8mb4 COLLATE utf8mb4_unicode_ci NOT NULL,
  `club_id` int(10) NOT NULL,
  `task` varchar(30) CHARACTER SET utf8mb4 COLLATE utf8mb4_unicode_ci NOT NULL,
  `assignment_date` date NOT NULL,
  `completion_date` date NOT NULL,
  `status` int(5) NOT NULL DEFAULT '0',
  `description` varchar(100) CHARACTER SET utf8mb4 COLLATE utf8mb4_unicode_ci NOT NULL,
  PRIMARY KEY (`id`)
) ENGINE=InnoDB  DEFAULT CHARSET=latin1 AUTO_INCREMENT=25 ;

--
-- Dumping data for table `task`
--

INSERT INTO `task` (`id`, `regno`, `club_id`, `task`, `assignment_date`, `completion_date`, `status`, `description`) VALUES
(2, '11BME0075', 60, 'recruitment', '2015-01-14', '2015-01-27', 1, 'hang the poster near SJT and making anouncements'),
(15, '12mse0363', 60, 'admin panel', '2032-09-17', '2030-11-18', 1, 'asdskhdk'),
(16, '12bce0221', 60, '34', '2031-01-19', '2031-11-19', 0, '234'),
(17, '12bce0221', 60, 'as', '2030-09-17', '2030-10-18', 1, 'as'),
(18, '12BIT0224', 60, '', '0000-00-00', '0000-00-00', 0, ''),
(19, '', 60, '', '0000-00-00', '0000-00-00', 0, ''),
(20, '', 60, '', '0000-00-00', '0000-00-00', 0, ''),
(21, '', 60, '', '0000-00-00', '0000-00-00', 0, ''),
(22, '', 60, '', '0000-00-00', '0000-00-00', 0, ''),
(23, '', 60, '', '0000-00-00', '0000-00-00', 0, ''),
(24, '12BCE0455', 60, 'project abc', '2015-03-07', '2023-07-11', 0, 'webapplication');

-- --------------------------------------------------------

--
-- Table structure for table `thread_list`
--

CREATE TABLE IF NOT EXISTS `thread_list` (
  `id` int(11) NOT NULL AUTO_INCREMENT COMMENT 'Thread ID',
  `club_id` int(11) NOT NULL,
  `name` varchar(30) NOT NULL COMMENT 'Thread Name',
  `description` text NOT NULL,
  `created_by` varchar(30) NOT NULL,
  `date` datetime NOT NULL,
  PRIMARY KEY (`id`),
  UNIQUE KEY `id` (`id`)
) ENGINE=InnoDB  DEFAULT CHARSET=latin1 AUTO_INCREMENT=22 ;

--
-- Dumping data for table `thread_list`
--

INSERT INTO `thread_list` (`id`, `club_id`, `name`, `description`, `created_by`, `date`) VALUES
(11, 0, 'thread1', 'thread 1', '0', '2015-01-11 00:51:59'),
(12, 0, 'GDG', 'discussion thread 1', '0', '2015-01-11 01:31:22'),
(13, 0, 'as', 'srw', '0', '2015-01-12 18:26:51'),
(14, 0, 'tset', 'test thread', '0', '2015-01-25 21:34:04'),
(15, 0, 't1', 't1', '0', '2015-01-26 14:52:58'),
(16, 0, 'test2', 'test2', '0', '2015-01-26 15:34:27'),
(17, 60, 'Test Thread', 'Test Thread Description', '12bce0246', '2015-02-06 11:35:55'),
(18, 60, 'test 2', 'test 2 description', '12bce0246', '2015-02-06 12:09:18'),
(19, 60, 'eq', 'eq', '12bce0246', '2015-02-07 19:31:25'),
(20, 60, 'wqe', 'qwe', '12bce0246', '2015-02-07 19:31:38'),
(21, 60, 'ewr', 'rwe', '12bce0246', '2015-02-07 19:32:08');
